path,label,speaker_id,frames,sample_rate_hz,split
data/raw/mini_speech_commands/go/004ae714_nohash_0.wav,go,004ae714,11146,16000,validation
data/raw/mini_speech_commands/go/0132a06d_nohash_2.wav,go,0132a06d,16000,16000,train
data/raw/mini_speech_commands/go/0137b3f4_nohash_0.wav,go,0137b3f4,16000,16000,train
data/raw/mini_speech_commands/go/0137b3f4_nohash_2.wav,go,0137b3f4,16000,16000,train
data/raw/mini_speech_commands/go/0137b3f4_nohash_3.wav,go,0137b3f4,16000,16000,train
data/raw/mini_speech_commands/go/0137b3f4_nohash_4.wav,go,0137b3f4,16000,16000,train
data/raw/mini_speech_commands/go/016e2c6d_nohash_0.wav,go,016e2c6d,16000,16000,train
data/raw/mini_speech_commands/go/016e2c6d_nohash_2.wav,go,016e2c6d,16000,16000,train
data/raw/mini_speech_commands/go/01bb6a2a_nohash_3.wav,go,01bb6a2a,16000,16000,train
data/raw/mini_speech_commands/go/01bb6a2a_nohash_4.wav,go,01bb6a2a,16000,16000,train
data/raw/mini_speech_commands/go/022cd682_nohash_0.wav,go,022cd682,16000,16000,train
data/raw/mini_speech_commands/go/023a61ad_nohash_1.wav,go,023a61ad,16000,16000,test
data/raw/mini_speech_commands/go/023a61ad_nohash_2.wav,go,023a61ad,16000,16000,test
data/raw/mini_speech_commands/go/026290a7_nohash_0.wav,go,026290a7,16000,16000,train
data/raw/mini_speech_commands/go/02746d24_nohash_0.wav,go,02746d24,16000,16000,train
data/raw/mini_speech_commands/go/030ec18b_nohash_0.wav,go,030ec18b,14336,16000,train
data/raw/mini_speech_commands/go/030ec18b_nohash_1.wav,go,030ec18b,16000,16000,train
data/raw/mini_speech_commands/go/035de8fe_nohash_0.wav,go,035de8fe,16000,16000,train
data/raw/mini_speech_commands/go/035de8fe_nohash_1.wav,go,035de8fe,16000,16000,train
data/raw/mini_speech_commands/go/037c445a_nohash_0.wav,go,037c445a,16000,16000,validation
data/raw/mini_speech_commands/go/0447d7c1_nohash_0.wav,go,0447d7c1,16000,16000,train
data/raw/mini_speech_commands/go/0474c92a_nohash_0.wav,go,0474c92a,16000,16000,train
data/raw/mini_speech_commands/go/05cf43ef_nohash_0.wav,go,05cf43ef,16000,16000,train
data/raw/mini_speech_commands/go/05d18852_nohash_0.wav,go,05d18852,16000,16000,train
data/raw/mini_speech_commands/go/0616de09_nohash_0.wav,go,0616de09,16000,16000,train
data/raw/mini_speech_commands/go/06a79a03_nohash_0.wav,go,06a79a03,16000,16000,train
data/raw/mini_speech_commands/go/070b49af_nohash_0.wav,go,070b49af,16000,16000,train
data/raw/mini_speech_commands/go/079d1020_nohash_0.wav,go,079d1020,16000,16000,train
data/raw/mini_speech_commands/go/07c5129e_nohash_0.wav,go,07c5129e,16000,16000,train
data/raw/mini_speech_commands/go/096456f9_nohash_1.wav,go,096456f9,16000,16000,train
data/raw/mini_speech_commands/go/099d52ad_nohash_1.wav,go,099d52ad,16000,16000,train
data/raw/mini_speech_commands/go/099d52ad_nohash_4.wav,go,099d52ad,16000,16000,train
data/raw/mini_speech_commands/go/0a9f9af7_nohash_0.wav,go,0a9f9af7,13654,16000,train
data/raw/mini_speech_commands/go/0a9f9af7_nohash_1.wav,go,0a9f9af7,14336,16000,train
data/raw/mini_speech_commands/go/0ab3b47d_nohash_0.wav,go,0ab3b47d,12971,16000,train
data/raw/mini_speech_commands/go/0b77ee66_nohash_1.wav,go,0b77ee66,16000,16000,train
data/raw/mini_speech_commands/go/0c2d2ffa_nohash_0.wav,go,0c2d2ffa,16000,16000,train
data/raw/mini_speech_commands/go/0c40e715_nohash_1.wav,go,0c40e715,16000,16000,train
data/raw/mini_speech_commands/go/0cd323ec_nohash_0.wav,go,0cd323ec,16000,16000,train
data/raw/mini_speech_commands/go/0d393936_nohash_1.wav,go,0d393936,16000,16000,train
data/raw/mini_speech_commands/go/0d53e045_nohash_0.wav,go,0d53e045,16000,16000,validation
data/raw/mini_speech_commands/go/0d53e045_nohash_1.wav,go,0d53e045,16000,16000,validation
data/raw/mini_speech_commands/go/0e5193e6_nohash_0.wav,go,0e5193e6,16000,16000,train
data/raw/mini_speech_commands/go/0ea0e2f4_nohash_1.wav,go,0ea0e2f4,16000,16000,train
data/raw/mini_speech_commands/go/0eb48e10_nohash_0.wav,go,0eb48e10,16000,16000,test
data/raw/mini_speech_commands/go/0f250098_nohash_0.wav,go,0f250098,16000,16000,train
data/raw/mini_speech_commands/go/0f7dc557_nohash_0.wav,go,0f7dc557,16000,16000,test
data/raw/mini_speech_commands/go/0f7dc557_nohash_1.wav,go,0f7dc557,16000,16000,test
data/raw/mini_speech_commands/go/0fa1e7a9_nohash_0.wav,go,0fa1e7a9,16000,16000,train
data/raw/mini_speech_commands/go/0fa1e7a9_nohash_1.wav,go,0fa1e7a9,16000,16000,train
data/raw/mini_speech_commands/go/0ff728b5_nohash_2.wav,go,0ff728b5,16000,16000,train
data/raw/mini_speech_commands/go/0ff728b5_nohash_3.wav,go,0ff728b5,16000,16000,train
data/raw/mini_speech_commands/go/10627519_nohash_0.wav,go,10627519,16000,16000,validation
data/raw/mini_speech_commands/go/106a6183_nohash_1.wav,go,106a6183,16000,16000,train
data/raw/mini_speech_commands/go/106a6183_nohash_4.wav,go,106a6183,16000,16000,train
data/raw/mini_speech_commands/go/10ace7eb_nohash_2.wav,go,10ace7eb,16000,16000,test
data/raw/mini_speech_commands/go/10ace7eb_nohash_4.wav,go,10ace7eb,16000,16000,test
data/raw/mini_speech_commands/go/11099149_nohash_1.wav,go,11099149,16000,16000,train
data/raw/mini_speech_commands/go/118261a9_nohash_0.wav,go,118261a9,16000,16000,train
data/raw/mini_speech_commands/go/118261a9_nohash_2.wav,go,118261a9,14861,16000,train
data/raw/mini_speech_commands/go/11860c84_nohash_0.wav,go,11860c84,16000,16000,test
data/raw/mini_speech_commands/go/11a022ba_nohash_1.wav,go,11a022ba,16000,16000,train
data/raw/mini_speech_commands/go/122c5aa7_nohash_0.wav,go,122c5aa7,16000,16000,train
data/raw/mini_speech_commands/go/122c5aa7_nohash_2.wav,go,122c5aa7,16000,16000,train
data/raw/mini_speech_commands/go/122c5aa7_nohash_3.wav,go,122c5aa7,16000,16000,train
data/raw/mini_speech_commands/go/122c5aa7_nohash_4.wav,go,122c5aa7,16000,16000,train
data/raw/mini_speech_commands/go/12529547_nohash_0.wav,go,12529547,16000,16000,train
data/raw/mini_speech_commands/go/129c7d8d_nohash_0.wav,go,129c7d8d,16000,16000,test
data/raw/mini_speech_commands/go/1338a799_nohash_0.wav,go,1338a799,16000,16000,train
data/raw/mini_speech_commands/go/14872d06_nohash_2.wav,go,14872d06,16000,16000,train
data/raw/mini_speech_commands/go/151bfb79_nohash_0.wav,go,151bfb79,14861,16000,train
data/raw/mini_speech_commands/go/15b0c947_nohash_0.wav,go,15b0c947,16000,16000,validation
data/raw/mini_speech_commands/go/15b0c947_nohash_2.wav,go,15b0c947,16000,16000,validation
data/raw/mini_speech_commands/go/15c563d7_nohash_2.wav,go,15c563d7,16000,16000,test
data/raw/mini_speech_commands/go/15c563d7_nohash_3.wav,go,15c563d7,16000,16000,test
data/raw/mini_speech_commands/go/15c563d7_nohash_4.wav,go,15c563d7,16000,16000,test
data/raw/mini_speech_commands/go/15f04ff8_nohash_0.wav,go,15f04ff8,16000,16000,train
data/raw/mini_speech_commands/go/1625acd8_nohash_0.wav,go,1625acd8,16000,16000,train
data/raw/mini_speech_commands/go/1626bc5a_nohash_0.wav,go,1626bc5a,16000,16000,train
data/raw/mini_speech_commands/go/1678e6f1_nohash_1.wav,go,1678e6f1,16000,16000,train
data/raw/mini_speech_commands/go/16d41d07_nohash_0.wav,go,16d41d07,15019,16000,validation
data/raw/mini_speech_commands/go/16db1582_nohash_0.wav,go,16db1582,13375,16000,test
data/raw/mini_speech_commands/go/171b56dc_nohash_1.wav,go,171b56dc,16000,16000,train
data/raw/mini_speech_commands/go/173ae793_nohash_0.wav,go,173ae793,16000,16000,train
data/raw/mini_speech_commands/go/173ce2be_nohash_0.wav,go,173ce2be,16000,16000,train
data/raw/mini_speech_commands/go/173ce2be_nohash_1.wav,go,173ce2be,16000,16000,train
data/raw/mini_speech_commands/go/173e6bbf_nohash_1.wav,go,173e6bbf,16000,16000,test
data/raw/mini_speech_commands/go/179a61b7_nohash_0.wav,go,179a61b7,16000,16000,train
data/raw/mini_speech_commands/go/179a61b7_nohash_2.wav,go,179a61b7,16000,16000,train
data/raw/mini_speech_commands/go/17c94b23_nohash_0.wav,go,17c94b23,16000,16000,train
data/raw/mini_speech_commands/go/1887fe04_nohash_0.wav,go,1887fe04,16000,16000,train
data/raw/mini_speech_commands/go/18c54a68_nohash_0.wav,go,18c54a68,16000,16000,train
data/raw/mini_speech_commands/go/190821dc_nohash_0.wav,go,190821dc,16000,16000,test
data/raw/mini_speech_commands/go/190821dc_nohash_1.wav,go,190821dc,16000,16000,test
data/raw/mini_speech_commands/go/1942abd7_nohash_0.wav,go,1942abd7,15604,16000,train
data/raw/mini_speech_commands/go/1942abd7_nohash_1.wav,go,1942abd7,16000,16000,train
data/raw/mini_speech_commands/go/19785c4e_nohash_0.wav,go,19785c4e,16000,16000,train
data/raw/mini_speech_commands/go/19785c4e_nohash_2.wav,go,19785c4e,11606,16000,train
data/raw/mini_speech_commands/go/1995cf9e_nohash_0.wav,go,1995cf9e,16000,16000,train
data/raw/mini_speech_commands/go/1995cf9e_nohash_1.wav,go,1995cf9e,16000,16000,train
data/raw/mini_speech_commands/go/1a673010_nohash_0.wav,go,1a673010,16000,16000,validation
data/raw/mini_speech_commands/go/1aed7c6d_nohash_0.wav,go,1aed7c6d,16000,16000,train
data/raw/mini_speech_commands/go/1b4c9b89_nohash_4.wav,go,1b4c9b89,16000,16000,validation
data/raw/mini_speech_commands/go/1bb574f9_nohash_1.wav,go,1bb574f9,16000,16000,train
data/raw/mini_speech_commands/go/1bb6ed89_nohash_0.wav,go,1bb6ed89,16000,16000,validation
data/raw/mini_speech_commands/go/1bc45db9_nohash_0.wav,go,1bc45db9,16000,16000,train
data/raw/mini_speech_commands/go/1bc45db9_nohash_1.wav,go,1bc45db9,16000,16000,train
data/raw/mini_speech_commands/go/1c6e5447_nohash_2.wav,go,1c6e5447,16000,16000,train
data/raw/mini_speech_commands/go/1cc80e39_nohash_0.wav,go,1cc80e39,12632,16000,train
data/raw/mini_speech_commands/go/1cc80e39_nohash_2.wav,go,1cc80e39,11146,16000,train
data/raw/mini_speech_commands/go/1cec8d71_nohash_1.wav,go,1cec8d71,16000,16000,train
data/raw/mini_speech_commands/go/1d919a90_nohash_0.wav,go,1d919a90,16000,16000,train
data/raw/mini_speech_commands/go/1e31353f_nohash_0.wav,go,1e31353f,16000,16000,train
data/raw/mini_speech_commands/go/1e412fac_nohash_0.wav,go,1e412fac,16000,16000,train
data/raw/mini_speech_commands/go/1e9b215e_nohash_1.wav,go,1e9b215e,16000,16000,train
data/raw/mini_speech_commands/go/1e9b215e_nohash_4.wav,go,1e9b215e,16000,16000,train
data/raw/mini_speech_commands/go/1ecfb537_nohash_0.wav,go,1ecfb537,16000,16000,train
data/raw/mini_speech_commands/go/1ed557b9_nohash_0.wav,go,1ed557b9,16000,16000,train
data/raw/mini_speech_commands/go/1fd85ee4_nohash_0.wav,go,1fd85ee4,16000,16000,train
data/raw/mini_speech_commands/go/20174140_nohash_1.wav,go,20174140,16000,16000,train
data/raw/mini_speech_commands/go/21832144_nohash_3.wav,go,21832144,16000,16000,train
data/raw/mini_speech_commands/go/2197f41c_nohash_0.wav,go,2197f41c,16000,16000,train
data/raw/mini_speech_commands/go/21e8c417_nohash_0.wav,go,21e8c417,16000,16000,train
data/raw/mini_speech_commands/go/2275edbb_nohash_0.wav,go,2275edbb,15019,16000,train
data/raw/mini_speech_commands/go/2296b1af_nohash_0.wav,go,2296b1af,14861,16000,train
data/raw/mini_speech_commands/go/2335770e_nohash_1.wav,go,2335770e,14336,16000,train
data/raw/mini_speech_commands/go/23abe1c9_nohash_0.wav,go,23abe1c9,16000,16000,validation
data/raw/mini_speech_commands/go/23abe1c9_nohash_1.wav,go,23abe1c9,14118,16000,validation
data/raw/mini_speech_commands/go/24befdb3_nohash_0.wav,go,24befdb3,16000,16000,train
data/raw/mini_speech_commands/go/24befdb3_nohash_3.wav,go,24befdb3,16000,16000,train
data/raw/mini_speech_commands/go/25040e85_nohash_0.wav,go,25040e85,16000,16000,train
data/raw/mini_speech_commands/go/25040e85_nohash_1.wav,go,25040e85,16000,16000,train
data/raw/mini_speech_commands/go/2510c044_nohash_0.wav,go,2510c044,16000,16000,train
data/raw/mini_speech_commands/go/25132942_nohash_1.wav,go,25132942,16000,16000,train
data/raw/mini_speech_commands/go/25132942_nohash_2.wav,go,25132942,16000,16000,train
data/raw/mini_speech_commands/go/2579e514_nohash_1.wav,go,2579e514,16000,16000,train
data/raw/mini_speech_commands/go/264f471d_nohash_0.wav,go,264f471d,16000,16000,train
data/raw/mini_speech_commands/go/264f471d_nohash_1.wav,go,264f471d,16000,16000,train
data/raw/mini_speech_commands/go/26b28ea7_nohash_0.wav,go,26b28ea7,15019,16000,train
data/raw/mini_speech_commands/go/26b28ea7_nohash_1.wav,go,26b28ea7,14336,16000,train
data/raw/mini_speech_commands/go/26b28ea7_nohash_2.wav,go,26b28ea7,15019,16000,train
data/raw/mini_speech_commands/go/26e573a9_nohash_0.wav,go,26e573a9,11146,16000,train
data/raw/mini_speech_commands/go/26e573a9_nohash_1.wav,go,26e573a9,11146,16000,train
data/raw/mini_speech_commands/go/26e573a9_nohash_2.wav,go,26e573a9,15604,16000,train
data/raw/mini_speech_commands/go/28ce0c58_nohash_1.wav,go,28ce0c58,16000,16000,train
data/raw/mini_speech_commands/go/28ce0c58_nohash_2.wav,go,28ce0c58,16000,16000,train
data/raw/mini_speech_commands/go/28ce0c58_nohash_3.wav,go,28ce0c58,16000,16000,train
data/raw/mini_speech_commands/go/28ce0c58_nohash_5.wav,go,28ce0c58,16000,16000,train
data/raw/mini_speech_commands/go/28e47b1a_nohash_2.wav,go,28e47b1a,16000,16000,validation
data/raw/mini_speech_commands/go/28e47b1a_nohash_3.wav,go,28e47b1a,16000,16000,validation
data/raw/mini_speech_commands/go/28ed6bc9_nohash_0.wav,go,28ed6bc9,16000,16000,train
data/raw/mini_speech_commands/go/2903efb3_nohash_0.wav,go,2903efb3,16000,16000,test
data/raw/mini_speech_commands/go/29b81b73_nohash_0.wav,go,29b81b73,16000,16000,train
data/raw/mini_speech_commands/go/29fb33da_nohash_3.wav,go,29fb33da,16000,16000,train
data/raw/mini_speech_commands/go/29fb33da_nohash_4.wav,go,29fb33da,16000,16000,train
data/raw/mini_speech_commands/go/2aec99ec_nohash_0.wav,go,2aec99ec,16000,16000,train
data/raw/mini_speech_commands/go/2aec99ec_nohash_1.wav,go,2aec99ec,16000,16000,train
data/raw/mini_speech_commands/go/2bd2cad5_nohash_0.wav,go,2bd2cad5,15604,16000,train
data/raw/mini_speech_commands/go/2bdbe5f7_nohash_3.wav,go,2bdbe5f7,16000,16000,test
data/raw/mini_speech_commands/go/2bdbe5f7_nohash_4.wav,go,2bdbe5f7,16000,16000,test
data/raw/mini_speech_commands/go/2be08ce4_nohash_0.wav,go,2be08ce4,10070,16000,train
data/raw/mini_speech_commands/go/2bfe70ef_nohash_0.wav,go,2bfe70ef,16000,16000,train
data/raw/mini_speech_commands/go/2cf28b70_nohash_0.wav,go,2cf28b70,14336,16000,train
data/raw/mini_speech_commands/go/2d92f18b_nohash_0.wav,go,2d92f18b,15702,16000,train
data/raw/mini_speech_commands/go/2da58b32_nohash_0.wav,go,2da58b32,16000,16000,validation
data/raw/mini_speech_commands/go/2da58b32_nohash_4.wav,go,2da58b32,16000,16000,validation
data/raw/mini_speech_commands/go/2dce72b3_nohash_0.wav,go,2dce72b3,16000,16000,train
data/raw/mini_speech_commands/go/2df590cd_nohash_0.wav,go,2df590cd,14118,16000,train
data/raw/mini_speech_commands/go/2e73212b_nohash_0.wav,go,2e73212b,12971,16000,train
data/raw/mini_speech_commands/go/2f0a410b_nohash_1.wav,go,2f0a410b,16000,16000,train
data/raw/mini_speech_commands/go/2f813234_nohash_1.wav,go,2f813234,16000,16000,test
data/raw/mini_speech_commands/go/30137d34_nohash_0.wav,go,30137d34,16000,16000,train
data/raw/mini_speech_commands/go/30137d34_nohash_1.wav,go,30137d34,16000,16000,train
data/raw/mini_speech_commands/go/30802c5d_nohash_1.wav,go,30802c5d,16000,16000,train
data/raw/mini_speech_commands/go/30a09789_nohash_0.wav,go,30a09789,16000,16000,train
data/raw/mini_speech_commands/go/30f31e42_nohash_0.wav,go,30f31e42,15604,16000,test
data/raw/mini_speech_commands/go/31270cb2_nohash_0.wav,go,31270cb2,16000,16000,train
data/raw/mini_speech_commands/go/31d31fa0_nohash_0.wav,go,31d31fa0,15702,16000,train
data/raw/mini_speech_commands/go/31e686d2_nohash_0.wav,go,31e686d2,16000,16000,train
data/raw/mini_speech_commands/go/31e686d2_nohash_1.wav,go,31e686d2,16000,16000,train
data/raw/mini_speech_commands/go/3209ec42_nohash_0.wav,go,3209ec42,16000,16000,validation
data/raw/mini_speech_commands/go/3209ec42_nohash_1.wav,go,3209ec42,16000,16000,validation
data/raw/mini_speech_commands/go/324210dd_nohash_3.wav,go,324210dd,16000,16000,train
data/raw/mini_speech_commands/go/324210dd_nohash_4.wav,go,324210dd,16000,16000,train
data/raw/mini_speech_commands/go/327289eb_nohash_0.wav,go,327289eb,16000,16000,train
data/raw/mini_speech_commands/go/329eab8a_nohash_0.wav,go,329eab8a,16000,16000,train
data/raw/mini_speech_commands/go/333784b7_nohash_3.wav,go,333784b7,16000,16000,test
data/raw/mini_speech_commands/go/333784b7_nohash_4.wav,go,333784b7,16000,16000,test
data/raw/mini_speech_commands/go/338a40d6_nohash_0.wav,go,338a40d6,16000,16000,train
data/raw/mini_speech_commands/go/33903159_nohash_0.wav,go,33903159,10923,16000,train
data/raw/mini_speech_commands/go/33f60c62_nohash_0.wav,go,33f60c62,16000,16000,test
data/raw/mini_speech_commands/go/3402e488_nohash_0.wav,go,3402e488,16000,16000,train
data/raw/mini_speech_commands/go/3402e488_nohash_2.wav,go,3402e488,16000,16000,train
data/raw/mini_speech_commands/go/340c8b10_nohash_0.wav,go,340c8b10,16000,16000,test
data/raw/mini_speech_commands/go/34263ab3_nohash_0.wav,go,34263ab3,13654,16000,validation
data/raw/mini_speech_commands/go/34881b10_nohash_0.wav,go,34881b10,16000,16000,train
data/raw/mini_speech_commands/go/34ba417a_nohash_0.wav,go,34ba417a,16000,16000,train
data/raw/mini_speech_commands/go/35d1b6ee_nohash_0.wav,go,35d1b6ee,16000,16000,train
data/raw/mini_speech_commands/go/35d1b6ee_nohash_2.wav,go,35d1b6ee,16000,16000,train
data/raw/mini_speech_commands/go/36050ef3_nohash_2.wav,go,36050ef3,16000,16000,test
data/raw/mini_speech_commands/go/36050ef3_nohash_3.wav,go,36050ef3,16000,16000,test
data/raw/mini_speech_commands/go/36050ef3_nohash_4.wav,go,36050ef3,16000,16000,test
data/raw/mini_speech_commands/go/364f979f_nohash_1.wav,go,364f979f,16000,16000,train
data/raw/mini_speech_commands/go/364f979f_nohash_2.wav,go,364f979f,16000,16000,train
data/raw/mini_speech_commands/go/36de13e1_nohash_0.wav,go,36de13e1,16000,16000,test
data/raw/mini_speech_commands/go/36de13e1_nohash_1.wav,go,36de13e1,16000,16000,test
data/raw/mini_speech_commands/go/370844f7_nohash_1.wav,go,370844f7,16000,16000,train
data/raw/mini_speech_commands/go/370844f7_nohash_2.wav,go,370844f7,16000,16000,train
data/raw/mini_speech_commands/go/37b03ab1_nohash_0.wav,go,37b03ab1,16000,16000,train
data/raw/mini_speech_commands/go/37dca74f_nohash_2.wav,go,37dca74f,16000,16000,train
data/raw/mini_speech_commands/go/37dca74f_nohash_4.wav,go,37dca74f,16000,16000,train
data/raw/mini_speech_commands/go/37e8db82_nohash_0.wav,go,37e8db82,14118,16000,test
data/raw/mini_speech_commands/go/37fc5d97_nohash_0.wav,go,37fc5d97,14336,16000,train
data/raw/mini_speech_commands/go/3847619e_nohash_1.wav,go,3847619e,16000,16000,test
data/raw/mini_speech_commands/go/38c388bc_nohash_0.wav,go,38c388bc,16000,16000,train
data/raw/mini_speech_commands/go/38d78313_nohash_2.wav,go,38d78313,16000,16000,train
data/raw/mini_speech_commands/go/38d78313_nohash_3.wav,go,38d78313,16000,16000,train
data/raw/mini_speech_commands/go/3903b558_nohash_0.wav,go,3903b558,16000,16000,train
data/raw/mini_speech_commands/go/39543cfd_nohash_0.wav,go,39543cfd,16000,16000,train
data/raw/mini_speech_commands/go/3983ba0d_nohash_0.wav,go,3983ba0d,16000,16000,train
data/raw/mini_speech_commands/go/39999a0f_nohash_0.wav,go,39999a0f,16000,16000,validation
data/raw/mini_speech_commands/go/39999a0f_nohash_1.wav,go,39999a0f,16000,16000,validation
data/raw/mini_speech_commands/go/39a12648_nohash_0.wav,go,39a12648,16000,16000,validation
data/raw/mini_speech_commands/go/39a45230_nohash_0.wav,go,39a45230,16000,16000,train
data/raw/mini_speech_commands/go/39c13eed_nohash_0.wav,go,39c13eed,16000,16000,train
data/raw/mini_speech_commands/go/3a182c98_nohash_0.wav,go,3a182c98,16000,16000,train
data/raw/mini_speech_commands/go/3a182c98_nohash_1.wav,go,3a182c98,16000,16000,train
data/raw/mini_speech_commands/go/3a789a0d_nohash_0.wav,go,3a789a0d,16000,16000,test
data/raw/mini_speech_commands/go/3b852f6f_nohash_0.wav,go,3b852f6f,16000,16000,test
data/raw/mini_speech_commands/go/3b853f44_nohash_0.wav,go,3b853f44,16000,16000,train
data/raw/mini_speech_commands/go/3bc21161_nohash_0.wav,go,3bc21161,16000,16000,validation
data/raw/mini_speech_commands/go/3bc21161_nohash_2.wav,go,3bc21161,16000,16000,validation
data/raw/mini_speech_commands/go/3bc21161_nohash_3.wav,go,3bc21161,16000,16000,validation
data/raw/mini_speech_commands/go/3bfd30e6_nohash_0.wav,go,3bfd30e6,16000,16000,train
data/raw/mini_speech_commands/go/3bfd30e6_nohash_3.wav,go,3bfd30e6,16000,16000,train
data/raw/mini_speech_commands/go/3bfd30e6_nohash_4.wav,go,3bfd30e6,16000,16000,train
data/raw/mini_speech_commands/go/3c165869_nohash_1.wav,go,3c165869,16000,16000,train
data/raw/mini_speech_commands/go/3c257192_nohash_0.wav,go,3c257192,16000,16000,train
data/raw/mini_speech_commands/go/3c257192_nohash_1.wav,go,3c257192,16000,16000,train
data/raw/mini_speech_commands/go/3c257192_nohash_2.wav,go,3c257192,16000,16000,train
data/raw/mini_speech_commands/go/3c257192_nohash_4.wav,go,3c257192,16000,16000,train
data/raw/mini_speech_commands/go/3c6d55b3_nohash_1.wav,go,3c6d55b3,16000,16000,train
data/raw/mini_speech_commands/go/3c6d55b3_nohash_2.wav,go,3c6d55b3,16000,16000,train
data/raw/mini_speech_commands/go/3c8836dc_nohash_0.wav,go,3c8836dc,16000,16000,train
data/raw/mini_speech_commands/go/3c8836dc_nohash_1.wav,go,3c8836dc,12971,16000,train
data/raw/mini_speech_commands/go/3cfc6b3a_nohash_0.wav,go,3cfc6b3a,16000,16000,train
data/raw/mini_speech_commands/go/3d53244b_nohash_0.wav,go,3d53244b,16000,16000,train
data/raw/mini_speech_commands/go/3d53244b_nohash_1.wav,go,3d53244b,16000,16000,train
data/raw/mini_speech_commands/go/3d53244b_nohash_3.wav,go,3d53244b,16000,16000,train
data/raw/mini_speech_commands/go/3d53244b_nohash_4.wav,go,3d53244b,16000,16000,train
data/raw/mini_speech_commands/go/3d6bee47_nohash_0.wav,go,3d6bee47,16000,16000,train
data/raw/mini_speech_commands/go/3d9200b9_nohash_0.wav,go,3d9200b9,16000,16000,train
data/raw/mini_speech_commands/go/3da7f617_nohash_0.wav,go,3da7f617,16000,16000,validation
data/raw/mini_speech_commands/go/3df9a3d4_nohash_0.wav,go,3df9a3d4,16000,16000,train
data/raw/mini_speech_commands/go/3e31dffe_nohash_0.wav,go,3e31dffe,16000,16000,validation
data/raw/mini_speech_commands/go/3e31dffe_nohash_2.wav,go,3e31dffe,16000,16000,validation
data/raw/mini_speech_commands/go/3e3fa7fd_nohash_0.wav,go,3e3fa7fd,16000,16000,train
data/raw/mini_speech_commands/go/3e3fa7fd_nohash_1.wav,go,3e3fa7fd,16000,16000,train
data/raw/mini_speech_commands/go/3e549219_nohash_2.wav,go,3e549219,16000,16000,test
data/raw/mini_speech_commands/go/3efa7ec4_nohash_1.wav,go,3efa7ec4,16000,16000,test
data/raw/mini_speech_commands/go/3f2b358d_nohash_0.wav,go,3f2b358d,16000,16000,test
data/raw/mini_speech_commands/go/3f2b358d_nohash_1.wav,go,3f2b358d,16000,16000,test
data/raw/mini_speech_commands/go/3f2b358d_nohash_2.wav,go,3f2b358d,16000,16000,test
data/raw/mini_speech_commands/go/3f2b358d_nohash_3.wav,go,3f2b358d,16000,16000,test
data/raw/mini_speech_commands/go/3fb8c268_nohash_0.wav,go,3fb8c268,16000,16000,train
data/raw/mini_speech_commands/go/3ffa3457_nohash_0.wav,go,3ffa3457,16000,16000,train
data/raw/mini_speech_commands/go/41474817_nohash_0.wav,go,41474817,15604,16000,train
data/raw/mini_speech_commands/go/418e7158_nohash_0.wav,go,418e7158,16000,16000,train
data/raw/mini_speech_commands/go/418e7158_nohash_1.wav,go,418e7158,16000,16000,train
data/raw/mini_speech_commands/go/422d3197_nohash_0.wav,go,422d3197,11606,16000,test
data/raw/mini_speech_commands/go/4254621e_nohash_0.wav,go,4254621e,11606,16000,train
data/raw/mini_speech_commands/go/4254621e_nohash_1.wav,go,4254621e,10240,16000,train
data/raw/mini_speech_commands/go/4290ca61_nohash_1.wav,go,4290ca61,16000,16000,train
data/raw/mini_speech_commands/go/4290ca61_nohash_2.wav,go,4290ca61,16000,16000,train
data/raw/mini_speech_commands/go/439c84f4_nohash_1.wav,go,439c84f4,16000,16000,train
data/raw/mini_speech_commands/go/439c84f4_nohash_3.wav,go,439c84f4,16000,16000,train
data/raw/mini_speech_commands/go/44b5720d_nohash_0.wav,go,44b5720d,16000,16000,train
data/raw/mini_speech_commands/go/44dad20e_nohash_0.wav,go,44dad20e,16000,16000,train
data/raw/mini_speech_commands/go/45864319_nohash_0.wav,go,45864319,16000,16000,train
data/raw/mini_speech_commands/go/45adf84a_nohash_1.wav,go,45adf84a,15702,16000,train
data/raw/mini_speech_commands/go/460f2bad_nohash_0.wav,go,460f2bad,16000,16000,test
data/raw/mini_speech_commands/go/46114b4e_nohash_0.wav,go,46114b4e,16000,16000,train
data/raw/mini_speech_commands/go/4620dc14_nohash_0.wav,go,4620dc14,16000,16000,train
data/raw/mini_speech_commands/go/4634529e_nohash_0.wav,go,4634529e,11606,16000,train
data/raw/mini_speech_commands/go/46a153d8_nohash_0.wav,go,46a153d8,16000,16000,validation
data/raw/mini_speech_commands/go/46a153d8_nohash_2.wav,go,46a153d8,16000,16000,validation
data/raw/mini_speech_commands/go/46a153d8_nohash_3.wav,go,46a153d8,16000,16000,validation
data/raw/mini_speech_commands/go/47565088_nohash_0.wav,go,47565088,16000,16000,train
data/raw/mini_speech_commands/go/47565088_nohash_2.wav,go,47565088,10923,16000,train
data/raw/mini_speech_commands/go/47565088_nohash_3.wav,go,47565088,12971,16000,train
data/raw/mini_speech_commands/go/483e2a6f_nohash_1.wav,go,483e2a6f,16000,16000,train
data/raw/mini_speech_commands/go/483e2a6f_nohash_2.wav,go,483e2a6f,16000,16000,train
data/raw/mini_speech_commands/go/48463cbc_nohash_0.wav,go,48463cbc,15019,16000,train
data/raw/mini_speech_commands/go/48a8a69d_nohash_0.wav,go,48a8a69d,15019,16000,validation
data/raw/mini_speech_commands/go/4954abe8_nohash_0.wav,go,4954abe8,7339,16000,train
data/raw/mini_speech_commands/go/49af4432_nohash_1.wav,go,49af4432,16000,16000,train
data/raw/mini_speech_commands/go/49af4432_nohash_2.wav,go,49af4432,16000,16000,train
data/raw/mini_speech_commands/go/4a1e736b_nohash_3.wav,go,4a1e736b,16000,16000,train
data/raw/mini_speech_commands/go/4a4e28f1_nohash_1.wav,go,4a4e28f1,16000,16000,train
data/raw/mini_speech_commands/go/4abb2400_nohash_0.wav,go,4abb2400,16000,16000,validation
data/raw/mini_speech_commands/go/4b25f620_nohash_0.wav,go,4b25f620,16000,16000,train
data/raw/mini_speech_commands/go/4b39347d_nohash_0.wav,go,4b39347d,16000,16000,train
data/raw/mini_speech_commands/go/4c4d2526_nohash_0.wav,go,4c4d2526,15604,16000,validation
data/raw/mini_speech_commands/go/4c77947d_nohash_0.wav,go,4c77947d,8875,16000,test
data/raw/mini_speech_commands/go/4cb874bb_nohash_0.wav,go,4cb874bb,16000,16000,train
data/raw/mini_speech_commands/go/4ec7d027_nohash_0.wav,go,4ec7d027,16000,16000,test
data/raw/mini_speech_commands/go/4f2ab70c_nohash_0.wav,go,4f2ab70c,16000,16000,train
data/raw/mini_speech_commands/go/4f5c0b28_nohash_0.wav,go,4f5c0b28,16000,16000,train
data/raw/mini_speech_commands/go/4f781a59_nohash_0.wav,go,4f781a59,11889,16000,train
data/raw/mini_speech_commands/go/4fd4d073_nohash_1.wav,go,4fd4d073,16000,16000,validation
data/raw/mini_speech_commands/go/4fe01997_nohash_0.wav,go,4fe01997,16000,16000,test
data/raw/mini_speech_commands/go/4fe01997_nohash_1.wav,go,4fe01997,16000,16000,test
data/raw/mini_speech_commands/go/50928b05_nohash_0.wav,go,50928b05,16000,16000,train
data/raw/mini_speech_commands/go/50a8ef27_nohash_0.wav,go,50a8ef27,16000,16000,train
data/raw/mini_speech_commands/go/50d1c8e3_nohash_0.wav,go,50d1c8e3,16000,16000,train
data/raw/mini_speech_commands/go/51055bda_nohash_0.wav,go,51055bda,16000,16000,train
data/raw/mini_speech_commands/go/51055bda_nohash_1.wav,go,51055bda,16000,16000,train
data/raw/mini_speech_commands/go/51055bda_nohash_3.wav,go,51055bda,16000,16000,train
data/raw/mini_speech_commands/go/51995cea_nohash_0.wav,go,51995cea,16000,16000,train
data/raw/mini_speech_commands/go/51f4d5b0_nohash_0.wav,go,51f4d5b0,16000,16000,train
data/raw/mini_speech_commands/go/52e228e9_nohash_0.wav,go,52e228e9,11606,16000,train
data/raw/mini_speech_commands/go/530306f5_nohash_0.wav,go,530306f5,16000,16000,train
data/raw/mini_speech_commands/go/530306f5_nohash_1.wav,go,530306f5,16000,16000,train
data/raw/mini_speech_commands/go/53458368_nohash_0.wav,go,53458368,16000,16000,train
data/raw/mini_speech_commands/go/53458368_nohash_1.wav,go,53458368,16000,16000,train
data/raw/mini_speech_commands/go/538e1856_nohash_0.wav,go,538e1856,16000,16000,validation
data/raw/mini_speech_commands/go/53d5b86f_nohash_0.wav,go,53d5b86f,16000,16000,train
data/raw/mini_speech_commands/go/551e42e8_nohash_0.wav,go,551e42e8,16000,16000,train
data/raw/mini_speech_commands/go/553f1a79_nohash_2.wav,go,553f1a79,16000,16000,train
data/raw/mini_speech_commands/go/55d3725a_nohash_0.wav,go,55d3725a,15604,16000,train
data/raw/mini_speech_commands/go/5628d7b7_nohash_0.wav,go,5628d7b7,16000,16000,train
data/raw/mini_speech_commands/go/5628d7b7_nohash_1.wav,go,5628d7b7,16000,16000,train
data/raw/mini_speech_commands/go/5628d7b7_nohash_2.wav,go,5628d7b7,16000,16000,train
data/raw/mini_speech_commands/go/563aa4e6_nohash_4.wav,go,563aa4e6,16000,16000,train
data/raw/mini_speech_commands/go/56eab10e_nohash_2.wav,go,56eab10e,16000,16000,train
data/raw/mini_speech_commands/go/56eb74ae_nohash_0.wav,go,56eb74ae,16000,16000,train
data/raw/mini_speech_commands/go/56eb74ae_nohash_2.wav,go,56eb74ae,16000,16000,train
data/raw/mini_speech_commands/go/56f8a100_nohash_0.wav,go,56f8a100,16000,16000,train
data/raw/mini_speech_commands/go/5705a0f9_nohash_0.wav,go,5705a0f9,16000,16000,train
data/raw/mini_speech_commands/go/5828dfa2_nohash_1.wav,go,5828dfa2,15604,16000,train
data/raw/mini_speech_commands/go/589bce2c_nohash_0.wav,go,589bce2c,16000,16000,train
data/raw/mini_speech_commands/go/590750e8_nohash_0.wav,go,590750e8,16000,16000,train
data/raw/mini_speech_commands/go/5a3712c9_nohash_0.wav,go,5a3712c9,16000,16000,test
data/raw/mini_speech_commands/go/5b1db3ee_nohash_0.wav,go,5b1db3ee,16000,16000,train
data/raw/mini_speech_commands/go/5b26c81b_nohash_0.wav,go,5b26c81b,16000,16000,train
data/raw/mini_speech_commands/go/5c237956_nohash_0.wav,go,5c237956,16000,16000,test
data/raw/mini_speech_commands/go/5c39594f_nohash_0.wav,go,5c39594f,16000,16000,train
data/raw/mini_speech_commands/go/5c39594f_nohash_2.wav,go,5c39594f,16000,16000,train
data/raw/mini_speech_commands/go/5c39594f_nohash_4.wav,go,5c39594f,16000,16000,train
data/raw/mini_speech_commands/go/5c8af87a_nohash_0.wav,go,5c8af87a,16000,16000,train
data/raw/mini_speech_commands/go/5c8af87a_nohash_1.wav,go,5c8af87a,16000,16000,train
data/raw/mini_speech_commands/go/5c8af87a_nohash_4.wav,go,5c8af87a,16000,16000,train
data/raw/mini_speech_commands/go/5e3dde6b_nohash_0.wav,go,5e3dde6b,16000,16000,train
data/raw/mini_speech_commands/go/5eb5fc74_nohash_0.wav,go,5eb5fc74,8192,16000,train
data/raw/mini_speech_commands/go/5eb5fc74_nohash_1.wav,go,5eb5fc74,9558,16000,train
data/raw/mini_speech_commands/go/5efb758c_nohash_0.wav,go,5efb758c,16000,16000,train
data/raw/mini_speech_commands/go/5f1b1051_nohash_0.wav,go,5f1b1051,11889,16000,train
data/raw/mini_speech_commands/go/5f8e50a0_nohash_0.wav,go,5f8e50a0,16000,16000,test
data/raw/mini_speech_commands/go/5fadb538_nohash_0.wav,go,5fadb538,16000,16000,test
data/raw/mini_speech_commands/go/5fadb538_nohash_1.wav,go,5fadb538,16000,16000,test
data/raw/mini_speech_commands/go/5fadb538_nohash_2.wav,go,5fadb538,16000,16000,test
data/raw/mini_speech_commands/go/5fadb538_nohash_3.wav,go,5fadb538,16000,16000,test
data/raw/mini_speech_commands/go/5ff3f9a1_nohash_0.wav,go,5ff3f9a1,16000,16000,train
data/raw/mini_speech_commands/go/5ff3f9a1_nohash_1.wav,go,5ff3f9a1,16000,16000,train
data/raw/mini_speech_commands/go/6071a214_nohash_1.wav,go,6071a214,14336,16000,test
data/raw/mini_speech_commands/go/6078eb0d_nohash_0.wav,go,6078eb0d,16000,16000,validation
data/raw/mini_speech_commands/go/611d2b50_nohash_0.wav,go,611d2b50,16000,16000,train
data/raw/mini_speech_commands/go/617de221_nohash_0.wav,go,617de221,16000,16000,train
data/raw/mini_speech_commands/go/617de221_nohash_1.wav,go,617de221,16000,16000,train
data/raw/mini_speech_commands/go/617de221_nohash_2.wav,go,617de221,16000,16000,train
data/raw/mini_speech_commands/go/617de221_nohash_3.wav,go,617de221,16000,16000,train
data/raw/mini_speech_commands/go/61e50f62_nohash_0.wav,go,61e50f62,16000,16000,train
data/raw/mini_speech_commands/go/620ff0fa_nohash_0.wav,go,620ff0fa,16000,16000,train
data/raw/mini_speech_commands/go/620ff0fa_nohash_1.wav,go,620ff0fa,16000,16000,train
data/raw/mini_speech_commands/go/625fd898_nohash_0.wav,go,625fd898,10032,16000,train
data/raw/mini_speech_commands/go/62641b88_nohash_0.wav,go,62641b88,16000,16000,train
data/raw/mini_speech_commands/go/62ef962d_nohash_0.wav,go,62ef962d,16000,16000,validation
data/raw/mini_speech_commands/go/62ff07ef_nohash_0.wav,go,62ff07ef,16000,16000,train
data/raw/mini_speech_commands/go/64574a99_nohash_0.wav,go,64574a99,16000,16000,train
data/raw/mini_speech_commands/go/64574a99_nohash_1.wav,go,64574a99,16000,16000,train
data/raw/mini_speech_commands/go/64f83f0e_nohash_0.wav,go,64f83f0e,11606,16000,train
data/raw/mini_speech_commands/go/65040d9b_nohash_0.wav,go,65040d9b,16000,16000,train
data/raw/mini_speech_commands/go/653a48f5_nohash_0.wav,go,653a48f5,16000,16000,train
data/raw/mini_speech_commands/go/659b7fae_nohash_1.wav,go,659b7fae,16000,16000,train
data/raw/mini_speech_commands/go/65c73b55_nohash_0.wav,go,65c73b55,16000,16000,train
data/raw/mini_speech_commands/go/65ec06e5_nohash_0.wav,go,65ec06e5,16000,16000,train
data/raw/mini_speech_commands/go/66041c69_nohash_0.wav,go,66041c69,16000,16000,train
data/raw/mini_speech_commands/go/66a412a7_nohash_0.wav,go,66a412a7,14861,16000,train
data/raw/mini_speech_commands/go/66cff190_nohash_1.wav,go,66cff190,16000,16000,train
data/raw/mini_speech_commands/go/6727b579_nohash_2.wav,go,6727b579,16000,16000,train
data/raw/mini_speech_commands/go/67c7fecb_nohash_0.wav,go,67c7fecb,16000,16000,train
data/raw/mini_speech_commands/go/686d030b_nohash_0.wav,go,686d030b,16000,16000,validation
data/raw/mini_speech_commands/go/686d030b_nohash_2.wav,go,686d030b,16000,16000,validation
data/raw/mini_speech_commands/go/686d030b_nohash_3.wav,go,686d030b,16000,16000,validation
data/raw/mini_speech_commands/go/692a88e6_nohash_1.wav,go,692a88e6,16000,16000,train
data/raw/mini_speech_commands/go/692a88e6_nohash_3.wav,go,692a88e6,16000,16000,train
data/raw/mini_speech_commands/go/692a88e6_nohash_4.wav,go,692a88e6,16000,16000,train
data/raw/mini_speech_commands/go/69953f48_nohash_1.wav,go,69953f48,9660,16000,train
data/raw/mini_speech_commands/go/6a014b29_nohash_0.wav,go,6a014b29,16000,16000,train
data/raw/mini_speech_commands/go/6a014b29_nohash_1.wav,go,6a014b29,16000,16000,train
data/raw/mini_speech_commands/go/6aafb34f_nohash_0.wav,go,6aafb34f,16000,16000,validation
data/raw/mini_speech_commands/go/6b7d5101_nohash_0.wav,go,6b7d5101,9558,16000,test
data/raw/mini_speech_commands/go/6b81fead_nohash_0.wav,go,6b81fead,16000,16000,train
data/raw/mini_speech_commands/go/6b889021_nohash_0.wav,go,6b889021,16000,16000,train
data/raw/mini_speech_commands/go/6c0f6493_nohash_1.wav,go,6c0f6493,16000,16000,train
data/raw/mini_speech_commands/go/6c0f6493_nohash_2.wav,go,6c0f6493,16000,16000,train
data/raw/mini_speech_commands/go/6c0f6493_nohash_4.wav,go,6c0f6493,16000,16000,train
data/raw/mini_speech_commands/go/6c2dd2d5_nohash_0.wav,go,6c2dd2d5,16000,16000,train
data/raw/mini_speech_commands/go/6c429c7b_nohash_0.wav,go,6c429c7b,16000,16000,validation
data/raw/mini_speech_commands/go/6c429c7b_nohash_2.wav,go,6c429c7b,16000,16000,validation
data/raw/mini_speech_commands/go/6c429c7b_nohash_3.wav,go,6c429c7b,16000,16000,validation
data/raw/mini_speech_commands/go/6c429c7b_nohash_4.wav,go,6c429c7b,16000,16000,validation
data/raw/mini_speech_commands/go/6c968bd9_nohash_0.wav,go,6c968bd9,16000,16000,train
data/raw/mini_speech_commands/go/6c968bd9_nohash_4.wav,go,6c968bd9,16000,16000,train
data/raw/mini_speech_commands/go/6cf5459b_nohash_0.wav,go,6cf5459b,16000,16000,train
data/raw/mini_speech_commands/go/6cf5459b_nohash_1.wav,go,6cf5459b,14336,16000,train
data/raw/mini_speech_commands/go/6d2d3b0d_nohash_0.wav,go,6d2d3b0d,16000,16000,train
data/raw/mini_speech_commands/go/6d818f6c_nohash_1.wav,go,6d818f6c,16000,16000,train
data/raw/mini_speech_commands/go/6e2ef3d5_nohash_1.wav,go,6e2ef3d5,16000,16000,test
data/raw/mini_speech_commands/go/6f2c6f7e_nohash_0.wav,go,6f2c6f7e,16000,16000,train
data/raw/mini_speech_commands/go/6f3458b3_nohash_0.wav,go,6f3458b3,15702,16000,train
data/raw/mini_speech_commands/go/6f5b4d3d_nohash_0.wav,go,6f5b4d3d,11889,16000,train
data/raw/mini_speech_commands/go/6f7724f5_nohash_0.wav,go,6f7724f5,15604,16000,test
data/raw/mini_speech_commands/go/6f9088d7_nohash_1.wav,go,6f9088d7,16000,16000,train
data/raw/mini_speech_commands/go/6fca237d_nohash_0.wav,go,6fca237d,12632,16000,train
data/raw/mini_speech_commands/go/7081436f_nohash_0.wav,go,7081436f,16000,16000,train
data/raw/mini_speech_commands/go/70a00e98_nohash_2.wav,go,70a00e98,16000,16000,train
data/raw/mini_speech_commands/go/70a00e98_nohash_3.wav,go,70a00e98,16000,16000,train
data/raw/mini_speech_commands/go/70a00e98_nohash_4.wav,go,70a00e98,16000,16000,train
data/raw/mini_speech_commands/go/712e4d58_nohash_1.wav,go,712e4d58,16000,16000,test
data/raw/mini_speech_commands/go/712e4d58_nohash_2.wav,go,712e4d58,16000,16000,test
data/raw/mini_speech_commands/go/71e6ab20_nohash_1.wav,go,71e6ab20,16000,16000,train
data/raw/mini_speech_commands/go/7211390b_nohash_0.wav,go,7211390b,16000,16000,validation
data/raw/mini_speech_commands/go/7211390b_nohash_1.wav,go,7211390b,16000,16000,validation
data/raw/mini_speech_commands/go/7211390b_nohash_2.wav,go,7211390b,16000,16000,validation
data/raw/mini_speech_commands/go/721f767c_nohash_0.wav,go,721f767c,16000,16000,train
data/raw/mini_speech_commands/go/726382d6_nohash_0.wav,go,726382d6,16000,16000,test
data/raw/mini_speech_commands/go/726382d6_nohash_1.wav,go,726382d6,16000,16000,test
data/raw/mini_speech_commands/go/72d75d96_nohash_0.wav,go,72d75d96,16000,16000,test
data/raw/mini_speech_commands/go/7303215d_nohash_0.wav,go,7303215d,16000,16000,train
data/raw/mini_speech_commands/go/73cccfaf_nohash_0.wav,go,73cccfaf,16000,16000,train
data/raw/mini_speech_commands/go/742d6431_nohash_1.wav,go,742d6431,16000,16000,train
data/raw/mini_speech_commands/go/742d6431_nohash_2.wav,go,742d6431,16000,16000,train
data/raw/mini_speech_commands/go/742d6431_nohash_3.wav,go,742d6431,16000,16000,train
data/raw/mini_speech_commands/go/743edf9d_nohash_3.wav,go,743edf9d,16000,16000,train
data/raw/mini_speech_commands/go/747e69fd_nohash_0.wav,go,747e69fd,16000,16000,train
data/raw/mini_speech_commands/go/763188c4_nohash_1.wav,go,763188c4,16000,16000,train
data/raw/mini_speech_commands/go/763188c4_nohash_2.wav,go,763188c4,16000,16000,train
data/raw/mini_speech_commands/go/763188c4_nohash_3.wav,go,763188c4,16000,16000,train
data/raw/mini_speech_commands/go/765ffccb_nohash_1.wav,go,765ffccb,16000,16000,train
data/raw/mini_speech_commands/go/778a4a01_nohash_0.wav,go,778a4a01,13654,16000,train
data/raw/mini_speech_commands/go/778a4a01_nohash_1.wav,go,778a4a01,10923,16000,train
data/raw/mini_speech_commands/go/7799c9cd_nohash_0.wav,go,7799c9cd,11606,16000,train
data/raw/mini_speech_commands/go/77def3ee_nohash_0.wav,go,77def3ee,16000,16000,train
data/raw/mini_speech_commands/go/78102205_nohash_0.wav,go,78102205,16000,16000,validation
data/raw/mini_speech_commands/go/782c1305_nohash_0.wav,go,782c1305,16000,16000,train
data/raw/mini_speech_commands/go/7846fd85_nohash_2.wav,go,7846fd85,16000,16000,train
data/raw/mini_speech_commands/go/7846fd85_nohash_3.wav,go,7846fd85,16000,16000,train
data/raw/mini_speech_commands/go/7910d292_nohash_0.wav,go,7910d292,16000,16000,test
data/raw/mini_speech_commands/go/794cdfc5_nohash_0.wav,go,794cdfc5,8192,16000,train
data/raw/mini_speech_commands/go/794cdfc5_nohash_2.wav,go,794cdfc5,16000,16000,train
data/raw/mini_speech_commands/go/798f702a_nohash_1.wav,go,798f702a,16000,16000,train
data/raw/mini_speech_commands/go/7b2e879e_nohash_0.wav,go,7b2e879e,16000,16000,validation
data/raw/mini_speech_commands/go/7be5a0f3_nohash_0.wav,go,7be5a0f3,16000,16000,train
data/raw/mini_speech_commands/go/7be9f58a_nohash_0.wav,go,7be9f58a,16000,16000,train
data/raw/mini_speech_commands/go/7bf801d1_nohash_0.wav,go,7bf801d1,16000,16000,train
data/raw/mini_speech_commands/go/7c1d8533_nohash_3.wav,go,7c1d8533,16000,16000,train
data/raw/mini_speech_commands/go/7c1d8533_nohash_4.wav,go,7c1d8533,16000,16000,train
data/raw/mini_speech_commands/go/7c1d8533_nohash_5.wav,go,7c1d8533,16000,16000,train
data/raw/mini_speech_commands/go/7c1d8533_nohash_6.wav,go,7c1d8533,16000,16000,train
data/raw/mini_speech_commands/go/7c2a3fa4_nohash_0.wav,go,7c2a3fa4,16000,16000,validation
data/raw/mini_speech_commands/go/7cbf645a_nohash_0.wav,go,7cbf645a,16000,16000,train
data/raw/mini_speech_commands/go/7dc50b88_nohash_0.wav,go,7dc50b88,16000,16000,train
data/raw/mini_speech_commands/go/7dc50b88_nohash_1.wav,go,7dc50b88,16000,16000,train
data/raw/mini_speech_commands/go/7de97453_nohash_0.wav,go,7de97453,16000,16000,train
data/raw/mini_speech_commands/go/7e2d5caf_nohash_0.wav,go,7e2d5caf,16000,16000,validation
data/raw/mini_speech_commands/go/7ea032f3_nohash_0.wav,go,7ea032f3,16000,16000,train
data/raw/mini_speech_commands/go/7ea032f3_nohash_1.wav,go,7ea032f3,16000,16000,train
data/raw/mini_speech_commands/go/7ea032f3_nohash_3.wav,go,7ea032f3,16000,16000,train
data/raw/mini_speech_commands/go/7ea032f3_nohash_4.wav,go,7ea032f3,16000,16000,train
data/raw/mini_speech_commands/go/7f74626f_nohash_0.wav,go,7f74626f,16000,16000,train
data/raw/mini_speech_commands/go/7f74626f_nohash_1.wav,go,7f74626f,16000,16000,train
data/raw/mini_speech_commands/go/7fd25f7c_nohash_3.wav,go,7fd25f7c,16000,16000,train
data/raw/mini_speech_commands/go/8012c69d_nohash_1.wav,go,8012c69d,16000,16000,train
data/raw/mini_speech_commands/go/8012c69d_nohash_2.wav,go,8012c69d,16000,16000,train
data/raw/mini_speech_commands/go/8012c69d_nohash_3.wav,go,8012c69d,16000,16000,train
data/raw/mini_speech_commands/go/8056e897_nohash_0.wav,go,8056e897,16000,16000,train
data/raw/mini_speech_commands/go/8056e897_nohash_1.wav,go,8056e897,16000,16000,train
data/raw/mini_speech_commands/go/8056e897_nohash_2.wav,go,8056e897,16000,16000,train
data/raw/mini_speech_commands/go/80fe1dc7_nohash_0.wav,go,80fe1dc7,16000,16000,train
data/raw/mini_speech_commands/go/8134f43f_nohash_0.wav,go,8134f43f,16000,16000,train
data/raw/mini_speech_commands/go/8134f43f_nohash_2.wav,go,8134f43f,16000,16000,train
data/raw/mini_speech_commands/go/8134f43f_nohash_4.wav,go,8134f43f,16000,16000,train
data/raw/mini_speech_commands/go/823353e5_nohash_0.wav,go,823353e5,16000,16000,train
data/raw/mini_speech_commands/go/825f450d_nohash_0.wav,go,825f450d,16000,16000,train
data/raw/mini_speech_commands/go/8281a2a8_nohash_0.wav,go,8281a2a8,16000,16000,train
data/raw/mini_speech_commands/go/8281a2a8_nohash_4.wav,go,8281a2a8,16000,16000,train
data/raw/mini_speech_commands/go/850e2222_nohash_0.wav,go,850e2222,10403,16000,train
data/raw/mini_speech_commands/go/85834399_nohash_0.wav,go,85834399,16000,16000,validation
data/raw/mini_speech_commands/go/85834399_nohash_1.wav,go,85834399,16000,16000,validation
data/raw/mini_speech_commands/go/85834399_nohash_2.wav,go,85834399,16000,16000,validation
data/raw/mini_speech_commands/go/86402da1_nohash_0.wav,go,86402da1,16000,16000,validation
data/raw/mini_speech_commands/go/86f12ac0_nohash_0.wav,go,86f12ac0,16000,16000,train
data/raw/mini_speech_commands/go/86fa2dcd_nohash_0.wav,go,86fa2dcd,13654,16000,train
data/raw/mini_speech_commands/go/87728a88_nohash_0.wav,go,87728a88,14118,16000,train
data/raw/mini_speech_commands/go/87c62767_nohash_1.wav,go,87c62767,15702,16000,train
data/raw/mini_speech_commands/go/881583a6_nohash_0.wav,go,881583a6,16000,16000,train
data/raw/mini_speech_commands/go/8830e17f_nohash_0.wav,go,8830e17f,16000,16000,train
data/raw/mini_speech_commands/go/888a0c49_nohash_2.wav,go,888a0c49,16000,16000,train
data/raw/mini_speech_commands/go/888a0c49_nohash_3.wav,go,888a0c49,16000,16000,train
data/raw/mini_speech_commands/go/89d6d11e_nohash_0.wav,go,89d6d11e,16000,16000,train
data/raw/mini_speech_commands/go/89d6d11e_nohash_1.wav,go,89d6d11e,16000,16000,train
data/raw/mini_speech_commands/go/89e59d18_nohash_0.wav,go,89e59d18,16000,16000,test
data/raw/mini_speech_commands/go/89e59d18_nohash_1.wav,go,89e59d18,16000,16000,test
data/raw/mini_speech_commands/go/89f680f3_nohash_0.wav,go,89f680f3,16000,16000,test
data/raw/mini_speech_commands/go/8a0457c9_nohash_0.wav,go,8a0457c9,16000,16000,train
data/raw/mini_speech_commands/go/8a194ee6_nohash_0.wav,go,8a194ee6,16000,16000,train
data/raw/mini_speech_commands/go/8a28231e_nohash_0.wav,go,8a28231e,16000,16000,train
data/raw/mini_speech_commands/go/8b39e36f_nohash_0.wav,go,8b39e36f,16000,16000,train
data/raw/mini_speech_commands/go/8c3c4715_nohash_1.wav,go,8c3c4715,16000,16000,train
data/raw/mini_speech_commands/go/8c7b691a_nohash_0.wav,go,8c7b691a,13654,16000,test
data/raw/mini_speech_commands/go/8d9cc260_nohash_0.wav,go,8d9cc260,16000,16000,train
data/raw/mini_speech_commands/go/8dc26a15_nohash_0.wav,go,8dc26a15,16000,16000,train
data/raw/mini_speech_commands/go/8e05039f_nohash_0.wav,go,8e05039f,16000,16000,train
data/raw/mini_speech_commands/go/8e05039f_nohash_1.wav,go,8e05039f,16000,16000,train
data/raw/mini_speech_commands/go/8e05039f_nohash_4.wav,go,8e05039f,16000,16000,train
data/raw/mini_speech_commands/go/8eb4a1bf_nohash_1.wav,go,8eb4a1bf,16000,16000,train
data/raw/mini_speech_commands/go/8eb4a1bf_nohash_3.wav,go,8eb4a1bf,16000,16000,train
data/raw/mini_speech_commands/go/8f4c551f_nohash_4.wav,go,8f4c551f,16000,16000,train
data/raw/mini_speech_commands/go/902258bb_nohash_0.wav,go,902258bb,16000,16000,train
data/raw/mini_speech_commands/go/9080f6d3_nohash_0.wav,go,9080f6d3,16000,16000,train
data/raw/mini_speech_commands/go/90b94017_nohash_0.wav,go,90b94017,16000,16000,train
data/raw/mini_speech_commands/go/91223b83_nohash_1.wav,go,91223b83,16000,16000,train
data/raw/mini_speech_commands/go/918a2473_nohash_0.wav,go,918a2473,16000,16000,train
data/raw/mini_speech_commands/go/918a2473_nohash_1.wav,go,918a2473,16000,16000,train
data/raw/mini_speech_commands/go/918a2473_nohash_3.wav,go,918a2473,16000,16000,train
data/raw/mini_speech_commands/go/918a2473_nohash_4.wav,go,918a2473,16000,16000,train
data/raw/mini_speech_commands/go/919d3c0e_nohash_1.wav,go,919d3c0e,16000,16000,train
data/raw/mini_speech_commands/go/919d3c0e_nohash_2.wav,go,919d3c0e,16000,16000,train
data/raw/mini_speech_commands/go/91bed2e0_nohash_0.wav,go,91bed2e0,16000,16000,train
data/raw/mini_speech_commands/go/92037d73_nohash_0.wav,go,92037d73,16000,16000,validation
data/raw/mini_speech_commands/go/9229bff9_nohash_0.wav,go,9229bff9,14336,16000,train
data/raw/mini_speech_commands/go/92a9c5e6_nohash_0.wav,go,92a9c5e6,16000,16000,test
data/raw/mini_speech_commands/go/92a9c5e6_nohash_1.wav,go,92a9c5e6,16000,16000,test
data/raw/mini_speech_commands/go/92a9c5e6_nohash_2.wav,go,92a9c5e6,16000,16000,test
data/raw/mini_speech_commands/go/92b2bf59_nohash_1.wav,go,92b2bf59,16000,16000,train
data/raw/mini_speech_commands/go/92b2bf59_nohash_2.wav,go,92b2bf59,16000,16000,train
data/raw/mini_speech_commands/go/93ec8b84_nohash_0.wav,go,93ec8b84,16000,16000,train
data/raw/mini_speech_commands/go/94de6a6a_nohash_1.wav,go,94de6a6a,16000,16000,train
data/raw/mini_speech_commands/go/94e6864f_nohash_0.wav,go,94e6864f,16000,16000,train
data/raw/mini_speech_commands/go/95299b6c_nohash_0.wav,go,95299b6c,16000,16000,train
data/raw/mini_speech_commands/go/953fe1ad_nohash_2.wav,go,953fe1ad,16000,16000,train
data/raw/mini_speech_commands/go/953fe1ad_nohash_3.wav,go,953fe1ad,16000,16000,train
data/raw/mini_speech_commands/go/9587481f_nohash_0.wav,go,9587481f,16000,16000,train
data/raw/mini_speech_commands/go/96105282_nohash_0.wav,go,96105282,16000,16000,validation
data/raw/mini_speech_commands/go/9637f43f_nohash_1.wav,go,9637f43f,16000,16000,train
data/raw/mini_speech_commands/go/964e8cfd_nohash_2.wav,go,964e8cfd,16000,16000,validation
data/raw/mini_speech_commands/go/964e8cfd_nohash_3.wav,go,964e8cfd,16000,16000,validation
data/raw/mini_speech_commands/go/96a48d28_nohash_0.wav,go,96a48d28,16000,16000,train
data/raw/mini_speech_commands/go/96a48d28_nohash_3.wav,go,96a48d28,16000,16000,train
data/raw/mini_speech_commands/go/96c67073_nohash_1.wav,go,96c67073,16000,16000,train
data/raw/mini_speech_commands/go/96cd0255_nohash_0.wav,go,96cd0255,16000,16000,train
data/raw/mini_speech_commands/go/9712cce0_nohash_0.wav,go,9712cce0,14336,16000,train
data/raw/mini_speech_commands/go/977a3be4_nohash_0.wav,go,977a3be4,8917,16000,train
data/raw/mini_speech_commands/go/97f493b9_nohash_1.wav,go,97f493b9,12971,16000,train
data/raw/mini_speech_commands/go/97f4c236_nohash_0.wav,go,97f4c236,16000,16000,train
data/raw/mini_speech_commands/go/97f4c236_nohash_2.wav,go,97f4c236,16000,16000,train
data/raw/mini_speech_commands/go/98582fee_nohash_0.wav,go,98582fee,16000,16000,train
data/raw/mini_speech_commands/go/98582fee_nohash_1.wav,go,98582fee,16000,16000,train
data/raw/mini_speech_commands/go/988e2f9a_nohash_1.wav,go,988e2f9a,16000,16000,train
data/raw/mini_speech_commands/go/989a2213_nohash_1.wav,go,989a2213,16000,16000,train
data/raw/mini_speech_commands/go/99081f4d_nohash_0.wav,go,99081f4d,9660,16000,train
data/raw/mini_speech_commands/go/997867e7_nohash_0.wav,go,997867e7,16000,16000,train
data/raw/mini_speech_commands/go/9a4d12fd_nohash_0.wav,go,9a4d12fd,16000,16000,train
data/raw/mini_speech_commands/go/9a69672b_nohash_0.wav,go,9a69672b,16000,16000,train
data/raw/mini_speech_commands/go/9a69672b_nohash_1.wav,go,9a69672b,16000,16000,train
data/raw/mini_speech_commands/go/9aa21fa9_nohash_1.wav,go,9aa21fa9,16000,16000,train
data/raw/mini_speech_commands/go/9aa21fa9_nohash_3.wav,go,9aa21fa9,16000,16000,train
data/raw/mini_speech_commands/go/9acd0254_nohash_1.wav,go,9acd0254,16000,16000,validation
data/raw/mini_speech_commands/go/9b027ecf_nohash_0.wav,go,9b027ecf,16000,16000,train
data/raw/mini_speech_commands/go/9b027ecf_nohash_1.wav,go,9b027ecf,16000,16000,train
data/raw/mini_speech_commands/go/9b027ecf_nohash_3.wav,go,9b027ecf,16000,16000,train
data/raw/mini_speech_commands/go/9b6c08ba_nohash_0.wav,go,9b6c08ba,16000,16000,validation
data/raw/mini_speech_commands/go/9bea2ac7_nohash_0.wav,go,9bea2ac7,13654,16000,train
data/raw/mini_speech_commands/go/9beccfc8_nohash_0.wav,go,9beccfc8,16000,16000,train
data/raw/mini_speech_commands/go/9beccfc8_nohash_1.wav,go,9beccfc8,16000,16000,train
data/raw/mini_speech_commands/go/9c06a3f3_nohash_0.wav,go,9c06a3f3,16000,16000,train
data/raw/mini_speech_commands/go/9d171fee_nohash_0.wav,go,9d171fee,11606,16000,train
data/raw/mini_speech_commands/go/9d171fee_nohash_1.wav,go,9d171fee,8875,16000,train
data/raw/mini_speech_commands/go/9d171fee_nohash_2.wav,go,9d171fee,8875,16000,train
data/raw/mini_speech_commands/go/9db2bfe9_nohash_1.wav,go,9db2bfe9,16000,16000,test
data/raw/mini_speech_commands/go/9dcfba4b_nohash_0.wav,go,9dcfba4b,16000,16000,train
data/raw/mini_speech_commands/go/9e6bb505_nohash_0.wav,go,9e6bb505,16000,16000,validation
data/raw/mini_speech_commands/go/9efe5140_nohash_1.wav,go,9efe5140,16000,16000,test
data/raw/mini_speech_commands/go/9f63152b_nohash_2.wav,go,9f63152b,16000,16000,validation
data/raw/mini_speech_commands/go/9f6fbdb4_nohash_0.wav,go,9f6fbdb4,14861,16000,train
data/raw/mini_speech_commands/go/9f869f70_nohash_0.wav,go,9f869f70,16000,16000,train
data/raw/mini_speech_commands/go/9ff1b8b6_nohash_0.wav,go,9ff1b8b6,16000,16000,train
data/raw/mini_speech_commands/go/9ff2d2f4_nohash_2.wav,go,9ff2d2f4,16000,16000,train
data/raw/mini_speech_commands/go/9ff2d2f4_nohash_3.wav,go,9ff2d2f4,16000,16000,train
data/raw/mini_speech_commands/go/a0f93943_nohash_1.wav,go,a0f93943,16000,16000,test
data/raw/mini_speech_commands/go/a0f93943_nohash_2.wav,go,a0f93943,16000,16000,test
data/raw/mini_speech_commands/go/a108341b_nohash_0.wav,go,a108341b,16000,16000,train
data/raw/mini_speech_commands/go/a13e0a74_nohash_0.wav,go,a13e0a74,16000,16000,train
data/raw/mini_speech_commands/go/a1533da4_nohash_0.wav,go,a1533da4,16000,16000,train
data/raw/mini_speech_commands/go/a1cff772_nohash_0.wav,go,a1cff772,16000,16000,train
data/raw/mini_speech_commands/go/a1cff772_nohash_2.wav,go,a1cff772,16000,16000,train
data/raw/mini_speech_commands/go/a1cff772_nohash_3.wav,go,a1cff772,16000,16000,train
data/raw/mini_speech_commands/go/a1cff772_nohash_4.wav,go,a1cff772,16000,16000,train
data/raw/mini_speech_commands/go/a2fefcb4_nohash_0.wav,go,a2fefcb4,16000,16000,train
data/raw/mini_speech_commands/go/a3502f15_nohash_0.wav,go,a3502f15,16000,16000,train
data/raw/mini_speech_commands/go/a3502f15_nohash_2.wav,go,a3502f15,16000,16000,train
data/raw/mini_speech_commands/go/a3fc7884_nohash_0.wav,go,a3fc7884,16000,16000,validation
data/raw/mini_speech_commands/go/a3fc7884_nohash_1.wav,go,a3fc7884,16000,16000,validation
data/raw/mini_speech_commands/go/a4ca3afe_nohash_0.wav,go,a4ca3afe,16000,16000,train
data/raw/mini_speech_commands/go/a518d1cf_nohash_0.wav,go,a518d1cf,16000,16000,train
data/raw/mini_speech_commands/go/a6d586b7_nohash_3.wav,go,a6d586b7,16000,16000,train
data/raw/mini_speech_commands/go/a74f3917_nohash_1.wav,go,a74f3917,16000,16000,train
data/raw/mini_speech_commands/go/a7545b9f_nohash_0.wav,go,a7545b9f,16000,16000,train
data/raw/mini_speech_commands/go/a759efbc_nohash_1.wav,go,a759efbc,16000,16000,train
data/raw/mini_speech_commands/go/a84dee7b_nohash_0.wav,go,a84dee7b,15604,16000,train
data/raw/mini_speech_commands/go/a879a2c3_nohash_0.wav,go,a879a2c3,16000,16000,train
data/raw/mini_speech_commands/go/a879a2c3_nohash_2.wav,go,a879a2c3,16000,16000,train
data/raw/mini_speech_commands/go/a8ee11c7_nohash_1.wav,go,a8ee11c7,16000,16000,train
data/raw/mini_speech_commands/go/a902ce9b_nohash_0.wav,go,a902ce9b,16000,16000,test
data/raw/mini_speech_commands/go/a996cf66_nohash_0.wav,go,a996cf66,16000,16000,train
data/raw/mini_speech_commands/go/a9abc695_nohash_0.wav,go,a9abc695,16000,16000,train
data/raw/mini_speech_commands/go/a9b574b3_nohash_0.wav,go,a9b574b3,16000,16000,train
data/raw/mini_speech_commands/go/aa233654_nohash_1.wav,go,aa233654,16000,16000,train
data/raw/mini_speech_commands/go/ab76ac76_nohash_0.wav,go,ab76ac76,16000,16000,validation
data/raw/mini_speech_commands/go/aba19127_nohash_0.wav,go,aba19127,16000,16000,test
data/raw/mini_speech_commands/go/aba19127_nohash_1.wav,go,aba19127,16000,16000,test
data/raw/mini_speech_commands/go/abbfc3b4_nohash_0.wav,go,abbfc3b4,16000,16000,train
data/raw/mini_speech_commands/go/ac4b3fc3_nohash_1.wav,go,ac4b3fc3,16000,16000,test
data/raw/mini_speech_commands/go/ac652c60_nohash_0.wav,go,ac652c60,16000,16000,train
data/raw/mini_speech_commands/go/ac7840d8_nohash_0.wav,go,ac7840d8,16000,16000,train
data/raw/mini_speech_commands/go/ac7840d8_nohash_1.wav,go,ac7840d8,16000,16000,train
data/raw/mini_speech_commands/go/ac899eb7_nohash_1.wav,go,ac899eb7,16000,16000,test
data/raw/mini_speech_commands/go/acde7e73_nohash_0.wav,go,acde7e73,16000,16000,train
data/raw/mini_speech_commands/go/acde7e73_nohash_1.wav,go,acde7e73,16000,16000,train
data/raw/mini_speech_commands/go/ad1429cf_nohash_0.wav,go,ad1429cf,16000,16000,train
data/raw/mini_speech_commands/go/ad1429cf_nohash_2.wav,go,ad1429cf,16000,16000,train
data/raw/mini_speech_commands/go/ad340ed7_nohash_0.wav,go,ad340ed7,16000,16000,train
data/raw/mini_speech_commands/go/ad5aeec2_nohash_0.wav,go,ad5aeec2,16000,16000,train
data/raw/mini_speech_commands/go/ad63d93c_nohash_0.wav,go,ad63d93c,16000,16000,train
data/raw/mini_speech_commands/go/ad63d93c_nohash_2.wav,go,ad63d93c,16000,16000,train
data/raw/mini_speech_commands/go/adec6a94_nohash_0.wav,go,adec6a94,16000,16000,train
data/raw/mini_speech_commands/go/ae04cdbe_nohash_0.wav,go,ae04cdbe,11606,16000,train
data/raw/mini_speech_commands/go/ae927455_nohash_2.wav,go,ae927455,16000,16000,train
data/raw/mini_speech_commands/go/ae927455_nohash_3.wav,go,ae927455,16000,16000,train
data/raw/mini_speech_commands/go/aef8dcf5_nohash_0.wav,go,aef8dcf5,16000,16000,train
data/raw/mini_speech_commands/go/af130f12_nohash_0.wav,go,af130f12,16000,16000,test
data/raw/mini_speech_commands/go/af8b2f2c_nohash_1.wav,go,af8b2f2c,16000,16000,train
data/raw/mini_speech_commands/go/afd53389_nohash_0.wav,go,afd53389,16000,16000,train
data/raw/mini_speech_commands/go/afd53389_nohash_1.wav,go,afd53389,16000,16000,train
data/raw/mini_speech_commands/go/afd53389_nohash_2.wav,go,afd53389,16000,16000,train
data/raw/mini_speech_commands/go/aff582a1_nohash_2.wav,go,aff582a1,16000,16000,train
data/raw/mini_speech_commands/go/aff582a1_nohash_3.wav,go,aff582a1,16000,16000,train
data/raw/mini_speech_commands/go/b01c8f61_nohash_0.wav,go,b01c8f61,7431,16000,train
data/raw/mini_speech_commands/go/b06c19b0_nohash_0.wav,go,b06c19b0,16000,16000,train
data/raw/mini_speech_commands/go/b087aa0e_nohash_1.wav,go,b087aa0e,13375,16000,train
data/raw/mini_speech_commands/go/b087aa0e_nohash_2.wav,go,b087aa0e,13375,16000,train
data/raw/mini_speech_commands/go/b0f24c9b_nohash_0.wav,go,b0f24c9b,16000,16000,train
data/raw/mini_speech_commands/go/b0f24c9b_nohash_1.wav,go,b0f24c9b,16000,16000,train
data/raw/mini_speech_commands/go/b1114e4f_nohash_0.wav,go,b1114e4f,16000,16000,train
data/raw/mini_speech_commands/go/b12bef84_nohash_1.wav,go,b12bef84,16000,16000,train
data/raw/mini_speech_commands/go/b15fc37d_nohash_0.wav,go,b15fc37d,16000,16000,train
data/raw/mini_speech_commands/go/b16f2d0d_nohash_0.wav,go,b16f2d0d,16000,16000,train
data/raw/mini_speech_commands/go/b16f2d0d_nohash_1.wav,go,b16f2d0d,16000,16000,train
data/raw/mini_speech_commands/go/b19f7f5f_nohash_0.wav,go,b19f7f5f,16000,16000,train
data/raw/mini_speech_commands/go/b1f8326d_nohash_2.wav,go,b1f8326d,16000,16000,train
data/raw/mini_speech_commands/go/b25b6065_nohash_1.wav,go,b25b6065,16000,16000,validation
data/raw/mini_speech_commands/go/b41a92a3_nohash_0.wav,go,b41a92a3,16000,16000,test
data/raw/mini_speech_commands/go/b43de700_nohash_1.wav,go,b43de700,16000,16000,train
data/raw/mini_speech_commands/go/b4604db4_nohash_0.wav,go,b4604db4,16000,16000,train
data/raw/mini_speech_commands/go/b4604db4_nohash_1.wav,go,b4604db4,16000,16000,train
data/raw/mini_speech_commands/go/b46e8153_nohash_0.wav,go,b46e8153,12288,16000,train
data/raw/mini_speech_commands/go/b487da60_nohash_0.wav,go,b487da60,16000,16000,train
data/raw/mini_speech_commands/go/b487da60_nohash_1.wav,go,b487da60,16000,16000,train
data/raw/mini_speech_commands/go/b4aa9fef_nohash_3.wav,go,b4aa9fef,16000,16000,test
data/raw/mini_speech_commands/go/b4aa9fef_nohash_4.wav,go,b4aa9fef,16000,16000,test
data/raw/mini_speech_commands/go/b544d4fd_nohash_0.wav,go,b544d4fd,16000,16000,train
data/raw/mini_speech_commands/go/b59fa113_nohash_0.wav,go,b59fa113,16000,16000,validation
data/raw/mini_speech_commands/go/b5aacf2c_nohash_0.wav,go,b5aacf2c,16000,16000,train
data/raw/mini_speech_commands/go/b6091c84_nohash_0.wav,go,b6091c84,16000,16000,train
data/raw/mini_speech_commands/go/b65f6015_nohash_0.wav,go,b65f6015,16000,16000,train
data/raw/mini_speech_commands/go/b7016c27_nohash_0.wav,go,b7016c27,16000,16000,train
data/raw/mini_speech_commands/go/b737ee80_nohash_0.wav,go,b737ee80,16000,16000,train
data/raw/mini_speech_commands/go/b737ee80_nohash_2.wav,go,b737ee80,10240,16000,train
data/raw/mini_speech_commands/go/b7a0754f_nohash_0.wav,go,b7a0754f,16000,16000,train
data/raw/mini_speech_commands/go/b7a0754f_nohash_3.wav,go,b7a0754f,16000,16000,train
data/raw/mini_speech_commands/go/b7a0754f_nohash_4.wav,go,b7a0754f,16000,16000,train
data/raw/mini_speech_commands/go/b83c1acf_nohash_0.wav,go,b83c1acf,16000,16000,train
data/raw/mini_speech_commands/go/b83c1acf_nohash_1.wav,go,b83c1acf,16000,16000,train
data/raw/mini_speech_commands/go/b843de62_nohash_0.wav,go,b843de62,16000,16000,train
data/raw/mini_speech_commands/go/b84f83d2_nohash_0.wav,go,b84f83d2,16000,16000,train
data/raw/mini_speech_commands/go/b87bdb22_nohash_1.wav,go,b87bdb22,16000,16000,validation
data/raw/mini_speech_commands/go/b87bdb22_nohash_2.wav,go,b87bdb22,16000,16000,validation
data/raw/mini_speech_commands/go/b8872c20_nohash_0.wav,go,b8872c20,16000,16000,train
data/raw/mini_speech_commands/go/b8872c20_nohash_1.wav,go,b8872c20,15702,16000,train
data/raw/mini_speech_commands/go/b8b8cb52_nohash_0.wav,go,b8b8cb52,16000,16000,validation
data/raw/mini_speech_commands/go/b9515bf3_nohash_1.wav,go,b9515bf3,16000,16000,train
data/raw/mini_speech_commands/go/b959cd0c_nohash_0.wav,go,b959cd0c,16000,16000,train
data/raw/mini_speech_commands/go/b959cd0c_nohash_1.wav,go,b959cd0c,16000,16000,train
data/raw/mini_speech_commands/go/b959cd0c_nohash_2.wav,go,b959cd0c,16000,16000,train
data/raw/mini_speech_commands/go/b959cd0c_nohash_4.wav,go,b959cd0c,16000,16000,train
data/raw/mini_speech_commands/go/b9f46737_nohash_4.wav,go,b9f46737,16000,16000,train
data/raw/mini_speech_commands/go/ba770f9b_nohash_0.wav,go,ba770f9b,16000,16000,train
data/raw/mini_speech_commands/go/baeac2ba_nohash_1.wav,go,baeac2ba,16000,16000,train
data/raw/mini_speech_commands/go/bbd0bbd0_nohash_0.wav,go,bbd0bbd0,16000,16000,test
data/raw/mini_speech_commands/go/bc065a17_nohash_0.wav,go,bc065a17,16000,16000,train
data/raw/mini_speech_commands/go/bd2db1a5_nohash_0.wav,go,bd2db1a5,16000,16000,train
data/raw/mini_speech_commands/go/bd8412df_nohash_0.wav,go,bd8412df,16000,16000,train
data/raw/mini_speech_commands/go/bdee441c_nohash_0.wav,go,bdee441c,16000,16000,train
data/raw/mini_speech_commands/go/bdee441c_nohash_2.wav,go,bdee441c,16000,16000,train
data/raw/mini_speech_commands/go/bdee441c_nohash_3.wav,go,bdee441c,16000,16000,train
data/raw/mini_speech_commands/go/be7a5b2d_nohash_0.wav,go,be7a5b2d,16000,16000,train
data/raw/mini_speech_commands/go/be7a5b2d_nohash_3.wav,go,be7a5b2d,16000,16000,train
data/raw/mini_speech_commands/go/be91a00a_nohash_0.wav,go,be91a00a,12971,16000,test
data/raw/mini_speech_commands/go/bf4af1af_nohash_0.wav,go,bf4af1af,16000,16000,train
data/raw/mini_speech_commands/go/bf90a57a_nohash_1.wav,go,bf90a57a,16000,16000,test
data/raw/mini_speech_commands/go/bfa63751_nohash_0.wav,go,bfa63751,16000,16000,train
data/raw/mini_speech_commands/go/bfaf2000_nohash_0.wav,go,bfaf2000,16000,16000,train
data/raw/mini_speech_commands/go/bfb10243_nohash_0.wav,go,bfb10243,14336,16000,test
data/raw/mini_speech_commands/go/bfbd0e6b_nohash_0.wav,go,bfbd0e6b,16000,16000,train
data/raw/mini_speech_commands/go/c0445658_nohash_0.wav,go,c0445658,16000,16000,validation
data/raw/mini_speech_commands/go/c0445658_nohash_1.wav,go,c0445658,16000,16000,validation
data/raw/mini_speech_commands/go/c0445658_nohash_2.wav,go,c0445658,16000,16000,validation
data/raw/mini_speech_commands/go/c0445658_nohash_3.wav,go,c0445658,16000,16000,validation
data/raw/mini_speech_commands/go/c0c0d87d_nohash_1.wav,go,c0c0d87d,16000,16000,train
data/raw/mini_speech_commands/go/c0c701f1_nohash_1.wav,go,c0c701f1,16000,16000,train
data/raw/mini_speech_commands/go/c0f8f4df_nohash_0.wav,go,c0f8f4df,16000,16000,train
data/raw/mini_speech_commands/go/c120e80e_nohash_0.wav,go,c120e80e,16000,16000,train
data/raw/mini_speech_commands/go/c120e80e_nohash_3.wav,go,c120e80e,16000,16000,train
data/raw/mini_speech_commands/go/c120e80e_nohash_4.wav,go,c120e80e,16000,16000,train
data/raw/mini_speech_commands/go/c120e80e_nohash_5.wav,go,c120e80e,16000,16000,train
data/raw/mini_speech_commands/go/c120e80e_nohash_6.wav,go,c120e80e,16000,16000,train
data/raw/mini_speech_commands/go/c1d39ce8_nohash_0.wav,go,c1d39ce8,16000,16000,train
data/raw/mini_speech_commands/go/c1d39ce8_nohash_1.wav,go,c1d39ce8,16000,16000,train
data/raw/mini_speech_commands/go/c1d39ce8_nohash_4.wav,go,c1d39ce8,16000,16000,train
data/raw/mini_speech_commands/go/c1e0e8e3_nohash_2.wav,go,c1e0e8e3,16000,16000,train
data/raw/mini_speech_commands/go/c1e0e8e3_nohash_3.wav,go,c1e0e8e3,16000,16000,train
data/raw/mini_speech_commands/go/c22d3f18_nohash_1.wav,go,c22d3f18,16000,16000,train
data/raw/mini_speech_commands/go/c22d3f18_nohash_2.wav,go,c22d3f18,16000,16000,train
data/raw/mini_speech_commands/go/c22d3f18_nohash_4.wav,go,c22d3f18,16000,16000,train
data/raw/mini_speech_commands/go/c245d3d7_nohash_4.wav,go,c245d3d7,16000,16000,train
data/raw/mini_speech_commands/go/c24d96eb_nohash_0.wav,go,c24d96eb,16000,16000,train
data/raw/mini_speech_commands/go/c25a032b_nohash_2.wav,go,c25a032b,16000,16000,train
data/raw/mini_speech_commands/go/c2bc4489_nohash_0.wav,go,c2bc4489,16000,16000,train
data/raw/mini_speech_commands/go/c2d15ea5_nohash_0.wav,go,c2d15ea5,16000,16000,train
data/raw/mini_speech_commands/go/c2d15ea5_nohash_1.wav,go,c2d15ea5,16000,16000,train
data/raw/mini_speech_commands/go/c2d15ea5_nohash_2.wav,go,c2d15ea5,16000,16000,train
data/raw/mini_speech_commands/go/c33682f0_nohash_0.wav,go,c33682f0,16000,16000,validation
data/raw/mini_speech_commands/go/c38720cb_nohash_0.wav,go,c38720cb,16000,16000,train
data/raw/mini_speech_commands/go/c4500713_nohash_0.wav,go,c4500713,16000,16000,train
data/raw/mini_speech_commands/go/c4533c47_nohash_1.wav,go,c4533c47,14861,16000,train
data/raw/mini_speech_commands/go/c4cfbe43_nohash_0.wav,go,c4cfbe43,14118,16000,train
data/raw/mini_speech_commands/go/c4e1f6e0_nohash_0.wav,go,c4e1f6e0,16000,16000,train
data/raw/mini_speech_commands/go/c4f875a9_nohash_1.wav,go,c4f875a9,16000,16000,train
data/raw/mini_speech_commands/go/c518d1b1_nohash_0.wav,go,c518d1b1,16000,16000,train
data/raw/mini_speech_commands/go/c518d1b1_nohash_1.wav,go,c518d1b1,16000,16000,train
data/raw/mini_speech_commands/go/c53b335a_nohash_0.wav,go,c53b335a,16000,16000,train
data/raw/mini_speech_commands/go/c5570933_nohash_0.wav,go,c5570933,16000,16000,train
data/raw/mini_speech_commands/go/c5570933_nohash_1.wav,go,c5570933,16000,16000,train
data/raw/mini_speech_commands/go/c578beb0_nohash_0.wav,go,c578beb0,13654,16000,train
data/raw/mini_speech_commands/go/c5e3817f_nohash_1.wav,go,c5e3817f,16000,16000,train
data/raw/mini_speech_commands/go/c634a189_nohash_0.wav,go,c634a189,16000,16000,test
data/raw/mini_speech_commands/go/c634a189_nohash_1.wav,go,c634a189,16000,16000,test
data/raw/mini_speech_commands/go/c634a189_nohash_3.wav,go,c634a189,16000,16000,test
data/raw/mini_speech_commands/go/c6389ab0_nohash_0.wav,go,c6389ab0,16000,16000,train
data/raw/mini_speech_commands/go/c68cf200_nohash_0.wav,go,c68cf200,16000,16000,validation
data/raw/mini_speech_commands/go/c6ee87a7_nohash_1.wav,go,c6ee87a7,16000,16000,train
data/raw/mini_speech_commands/go/c79159aa_nohash_0.wav,go,c79159aa,16000,16000,train
data/raw/mini_speech_commands/go/c79159aa_nohash_1.wav,go,c79159aa,16000,16000,train
data/raw/mini_speech_commands/go/c79159aa_nohash_3.wav,go,c79159aa,16000,16000,train
data/raw/mini_speech_commands/go/c7aa72e6_nohash_0.wav,go,c7aa72e6,16000,16000,train
data/raw/mini_speech_commands/go/c8771f88_nohash_0.wav,go,c8771f88,16000,16000,train
data/raw/mini_speech_commands/go/c93d5e22_nohash_0.wav,go,c93d5e22,16000,16000,train
data/raw/mini_speech_commands/go/c93d5e22_nohash_3.wav,go,c93d5e22,16000,16000,train
data/raw/mini_speech_commands/go/c93d5e22_nohash_4.wav,go,c93d5e22,16000,16000,train
data/raw/mini_speech_commands/go/c948d727_nohash_0.wav,go,c948d727,16000,16000,train
data/raw/mini_speech_commands/go/c948d727_nohash_2.wav,go,c948d727,16000,16000,train
data/raw/mini_speech_commands/go/c9b653a0_nohash_0.wav,go,c9b653a0,16000,16000,train
data/raw/mini_speech_commands/go/c9b653a0_nohash_2.wav,go,c9b653a0,16000,16000,train
data/raw/mini_speech_commands/go/c9b653a0_nohash_3.wav,go,c9b653a0,16000,16000,train
data/raw/mini_speech_commands/go/ca48dc76_nohash_1.wav,go,ca48dc76,16000,16000,train
data/raw/mini_speech_commands/go/caa7feaf_nohash_0.wav,go,caa7feaf,16000,16000,train
data/raw/mini_speech_commands/go/cb164eea_nohash_0.wav,go,cb164eea,10923,16000,train
data/raw/mini_speech_commands/go/cb2929ce_nohash_0.wav,go,cb2929ce,16000,16000,train
data/raw/mini_speech_commands/go/cb2929ce_nohash_3.wav,go,cb2929ce,16000,16000,train
data/raw/mini_speech_commands/go/cb2929ce_nohash_4.wav,go,cb2929ce,16000,16000,train
data/raw/mini_speech_commands/go/cb2929ce_nohash_5.wav,go,cb2929ce,16000,16000,train
data/raw/mini_speech_commands/go/cb2929ce_nohash_6.wav,go,cb2929ce,16000,16000,train
data/raw/mini_speech_commands/go/cb5d2c6e_nohash_0.wav,go,cb5d2c6e,16000,16000,train
data/raw/mini_speech_commands/go/cb8f8307_nohash_2.wav,go,cb8f8307,16000,16000,train
data/raw/mini_speech_commands/go/cb8f8307_nohash_3.wav,go,cb8f8307,16000,16000,train
data/raw/mini_speech_commands/go/cb8f8307_nohash_5.wav,go,cb8f8307,16000,16000,train
data/raw/mini_speech_commands/go/cb8f8307_nohash_6.wav,go,cb8f8307,16000,16000,train
data/raw/mini_speech_commands/go/cb8f8307_nohash_7.wav,go,cb8f8307,16000,16000,train
data/raw/mini_speech_commands/go/cc6bae0d_nohash_0.wav,go,cc6bae0d,16000,16000,train
data/raw/mini_speech_commands/go/cc6ee39b_nohash_1.wav,go,cc6ee39b,16000,16000,train
data/raw/mini_speech_commands/go/cc6ee39b_nohash_2.wav,go,cc6ee39b,16000,16000,train
data/raw/mini_speech_commands/go/ccb1266b_nohash_0.wav,go,ccb1266b,16000,16000,train
data/raw/mini_speech_commands/go/ccea893d_nohash_1.wav,go,ccea893d,16000,16000,validation
data/raw/mini_speech_commands/go/ccf418a5_nohash_0.wav,go,ccf418a5,16000,16000,train
data/raw/mini_speech_commands/go/ccf418a5_nohash_1.wav,go,ccf418a5,16000,16000,train
data/raw/mini_speech_commands/go/cd7f8c1b_nohash_3.wav,go,cd7f8c1b,16000,16000,test
data/raw/mini_speech_commands/go/cdbd6969_nohash_2.wav,go,cdbd6969,16000,16000,train
data/raw/mini_speech_commands/go/ced835d3_nohash_2.wav,go,ced835d3,16000,16000,train
data/raw/mini_speech_commands/go/ced835d3_nohash_3.wav,go,ced835d3,16000,16000,train
data/raw/mini_speech_commands/go/cf8d91cf_nohash_0.wav,go,cf8d91cf,16000,16000,train
data/raw/mini_speech_commands/go/d0faf7e4_nohash_1.wav,go,d0faf7e4,16000,16000,train
data/raw/mini_speech_commands/go/d0faf7e4_nohash_2.wav,go,d0faf7e4,16000,16000,train
data/raw/mini_speech_commands/go/d0faf7e4_nohash_3.wav,go,d0faf7e4,16000,16000,train
data/raw/mini_speech_commands/go/d0faf7e4_nohash_4.wav,go,d0faf7e4,16000,16000,train
data/raw/mini_speech_commands/go/d1453a87_nohash_0.wav,go,d1453a87,15604,16000,train
data/raw/mini_speech_commands/go/d197e3ae_nohash_4.wav,go,d197e3ae,16000,16000,train
data/raw/mini_speech_commands/go/d1a17cbe_nohash_2.wav,go,d1a17cbe,16000,16000,train
data/raw/mini_speech_commands/go/d1d3e64d_nohash_0.wav,go,d1d3e64d,16000,16000,train
data/raw/mini_speech_commands/go/d31d8dd7_nohash_0.wav,go,d31d8dd7,16000,16000,train
data/raw/mini_speech_commands/go/d3a18257_nohash_0.wav,go,d3a18257,16000,16000,train
data/raw/mini_speech_commands/go/d3a18257_nohash_1.wav,go,d3a18257,16000,16000,train
data/raw/mini_speech_commands/go/d3badc9a_nohash_0.wav,go,d3badc9a,16000,16000,train
data/raw/mini_speech_commands/go/d486fb84_nohash_0.wav,go,d486fb84,16000,16000,train
data/raw/mini_speech_commands/go/d5356b9a_nohash_0.wav,go,d5356b9a,16000,16000,validation
data/raw/mini_speech_commands/go/d55aa56c_nohash_1.wav,go,d55aa56c,16000,16000,train
data/raw/mini_speech_commands/go/d55aa56c_nohash_2.wav,go,d55aa56c,16000,16000,train
data/raw/mini_speech_commands/go/d5c41d6a_nohash_0.wav,go,d5c41d6a,16000,16000,train
data/raw/mini_speech_commands/go/d5c41d6a_nohash_1.wav,go,d5c41d6a,16000,16000,train
data/raw/mini_speech_commands/go/d5ca80c6_nohash_1.wav,go,d5ca80c6,16000,16000,train
data/raw/mini_speech_commands/go/d6360b32_nohash_0.wav,go,d6360b32,16000,16000,train
data/raw/mini_speech_commands/go/d7467392_nohash_0.wav,go,d7467392,12288,16000,test
data/raw/mini_speech_commands/go/d78858d9_nohash_1.wav,go,d78858d9,16000,16000,train
data/raw/mini_speech_commands/go/d7a58714_nohash_0.wav,go,d7a58714,16000,16000,validation
data/raw/mini_speech_commands/go/d8c314c0_nohash_0.wav,go,d8c314c0,16000,16000,train
data/raw/mini_speech_commands/go/d8c314c0_nohash_1.wav,go,d8c314c0,16000,16000,train
data/raw/mini_speech_commands/go/d8c52371_nohash_0.wav,go,d8c52371,16000,16000,train
data/raw/mini_speech_commands/go/d90b4138_nohash_4.wav,go,d90b4138,16000,16000,train
data/raw/mini_speech_commands/go/d926bb17_nohash_0.wav,go,d926bb17,15702,16000,train
data/raw/mini_speech_commands/go/d933bf5e_nohash_0.wav,go,d933bf5e,16000,16000,test
data/raw/mini_speech_commands/go/d9462202_nohash_0.wav,go,d9462202,16000,16000,train
data/raw/mini_speech_commands/go/d9462202_nohash_1.wav,go,d9462202,16000,16000,train
data/raw/mini_speech_commands/go/d9d6559e_nohash_0.wav,go,d9d6559e,16000,16000,validation
data/raw/mini_speech_commands/go/da15e796_nohash_0.wav,go,da15e796,16000,16000,train
data/raw/mini_speech_commands/go/da584bc0_nohash_2.wav,go,da584bc0,16000,16000,train
data/raw/mini_speech_commands/go/da5dadb9_nohash_0.wav,go,da5dadb9,14861,16000,train
data/raw/mini_speech_commands/go/da7689f1_nohash_0.wav,go,da7689f1,12632,16000,validation
data/raw/mini_speech_commands/go/da7689f1_nohash_1.wav,go,da7689f1,13375,16000,validation
data/raw/mini_speech_commands/go/da76aa58_nohash_2.wav,go,da76aa58,16000,16000,validation
data/raw/mini_speech_commands/go/da8fa823_nohash_0.wav,go,da8fa823,16000,16000,train
data/raw/mini_speech_commands/go/dabf67d9_nohash_0.wav,go,dabf67d9,16000,16000,train
data/raw/mini_speech_commands/go/daf230ac_nohash_0.wav,go,daf230ac,16000,16000,train
data/raw/mini_speech_commands/go/db43cd03_nohash_1.wav,go,db43cd03,16000,16000,train
data/raw/mini_speech_commands/go/db43cd03_nohash_2.wav,go,db43cd03,16000,16000,train
data/raw/mini_speech_commands/go/db7c95b0_nohash_1.wav,go,db7c95b0,15604,16000,train
data/raw/mini_speech_commands/go/db8a3397_nohash_0.wav,go,db8a3397,16000,16000,train
data/raw/mini_speech_commands/go/db9cd41d_nohash_0.wav,go,db9cd41d,14118,16000,train
data/raw/mini_speech_commands/go/dbaf8fc6_nohash_0.wav,go,dbaf8fc6,16000,16000,train
data/raw/mini_speech_commands/go/dbb40d24_nohash_1.wav,go,dbb40d24,16000,16000,train
data/raw/mini_speech_commands/go/dbb40d24_nohash_4.wav,go,dbb40d24,16000,16000,train
data/raw/mini_speech_commands/go/dbb40d24_nohash_5.wav,go,dbb40d24,16000,16000,train
data/raw/mini_speech_commands/go/dc6e9c04_nohash_0.wav,go,dc6e9c04,10240,16000,train
data/raw/mini_speech_commands/go/dc75148d_nohash_0.wav,go,dc75148d,16000,16000,test
data/raw/mini_speech_commands/go/dca2797e_nohash_0.wav,go,dca2797e,16000,16000,train
data/raw/mini_speech_commands/go/dca2797e_nohash_1.wav,go,dca2797e,16000,16000,train
data/raw/mini_speech_commands/go/dca6b373_nohash_0.wav,go,dca6b373,11889,16000,train
data/raw/mini_speech_commands/go/dcc012ec_nohash_0.wav,go,dcc012ec,16000,16000,train
data/raw/mini_speech_commands/go/dce05676_nohash_0.wav,go,dce05676,16000,16000,validation
data/raw/mini_speech_commands/go/dce5041a_nohash_0.wav,go,dce5041a,16000,16000,train
data/raw/mini_speech_commands/go/de040337_nohash_0.wav,go,de040337,16000,16000,validation
data/raw/mini_speech_commands/go/de08912f_nohash_0.wav,go,de08912f,16000,16000,train
data/raw/mini_speech_commands/go/de6eb27c_nohash_0.wav,go,de6eb27c,16000,16000,train
data/raw/mini_speech_commands/go/dea820ce_nohash_1.wav,go,dea820ce,16000,16000,validation
data/raw/mini_speech_commands/go/dec73123_nohash_0.wav,go,dec73123,15702,16000,train
data/raw/mini_speech_commands/go/df1d5024_nohash_0.wav,go,df1d5024,16000,16000,validation
data/raw/mini_speech_commands/go/df1d5024_nohash_1.wav,go,df1d5024,16000,16000,validation
data/raw/mini_speech_commands/go/df1d5024_nohash_2.wav,go,df1d5024,16000,16000,validation
data/raw/mini_speech_commands/go/df1d5024_nohash_3.wav,go,df1d5024,16000,16000,validation
data/raw/mini_speech_commands/go/df1d5024_nohash_4.wav,go,df1d5024,16000,16000,validation
data/raw/mini_speech_commands/go/dff327c5_nohash_0.wav,go,dff327c5,16000,16000,train
data/raw/mini_speech_commands/go/e0315cf6_nohash_1.wav,go,e0315cf6,16000,16000,train
data/raw/mini_speech_commands/go/e0315cf6_nohash_2.wav,go,e0315cf6,16000,16000,train
data/raw/mini_speech_commands/go/e0611c84_nohash_0.wav,go,e0611c84,16000,16000,test
data/raw/mini_speech_commands/go/e0ff1e9c_nohash_0.wav,go,e0ff1e9c,15019,16000,train
data/raw/mini_speech_commands/go/e102119e_nohash_0.wav,go,e102119e,12971,16000,train
data/raw/mini_speech_commands/go/e10e2cbb_nohash_1.wav,go,e10e2cbb,16000,16000,train
data/raw/mini_speech_commands/go/e1469561_nohash_1.wav,go,e1469561,16000,16000,test
data/raw/mini_speech_commands/go/e1469561_nohash_2.wav,go,e1469561,16000,16000,test
data/raw/mini_speech_commands/go/e1469561_nohash_4.wav,go,e1469561,16000,16000,test
data/raw/mini_speech_commands/go/e14d3db8_nohash_0.wav,go,e14d3db8,16000,16000,train
data/raw/mini_speech_commands/go/e1aa22e4_nohash_0.wav,go,e1aa22e4,16000,16000,train
data/raw/mini_speech_commands/go/e20be42a_nohash_1.wav,go,e20be42a,16000,16000,train
data/raw/mini_speech_commands/go/e269bac0_nohash_0.wav,go,e269bac0,16000,16000,train
data/raw/mini_speech_commands/go/e32ff49d_nohash_0.wav,go,e32ff49d,16000,16000,validation
data/raw/mini_speech_commands/go/e32ff49d_nohash_1.wav,go,e32ff49d,16000,16000,validation
data/raw/mini_speech_commands/go/e3b64217_nohash_0.wav,go,e3b64217,10403,16000,test
data/raw/mini_speech_commands/go/e41a903b_nohash_1.wav,go,e41a903b,16000,16000,train
data/raw/mini_speech_commands/go/e41a903b_nohash_2.wav,go,e41a903b,16000,16000,train
data/raw/mini_speech_commands/go/e41a903b_nohash_3.wav,go,e41a903b,16000,16000,train
data/raw/mini_speech_commands/go/e41e41f7_nohash_1.wav,go,e41e41f7,16000,16000,train
data/raw/mini_speech_commands/go/e4200516_nohash_1.wav,go,e4200516,11889,16000,train
data/raw/mini_speech_commands/go/e53139ad_nohash_0.wav,go,e53139ad,16000,16000,train
data/raw/mini_speech_commands/go/e53139ad_nohash_1.wav,go,e53139ad,16000,16000,train
data/raw/mini_speech_commands/go/e53139ad_nohash_3.wav,go,e53139ad,16000,16000,train
data/raw/mini_speech_commands/go/e54a0f16_nohash_0.wav,go,e54a0f16,16000,16000,train
data/raw/mini_speech_commands/go/e54a0f16_nohash_1.wav,go,e54a0f16,16000,16000,train
data/raw/mini_speech_commands/go/e54a0f16_nohash_2.wav,go,e54a0f16,16000,16000,train
data/raw/mini_speech_commands/go/e54a0f16_nohash_3.wav,go,e54a0f16,16000,16000,train
data/raw/mini_speech_commands/go/e57d35bc_nohash_0.wav,go,e57d35bc,16000,16000,train
data/raw/mini_speech_commands/go/e5e54cee_nohash_0.wav,go,e5e54cee,16000,16000,train
data/raw/mini_speech_commands/go/e62056e2_nohash_0.wav,go,e62056e2,16000,16000,test
data/raw/mini_speech_commands/go/e6515415_nohash_1.wav,go,e6515415,16000,16000,train
data/raw/mini_speech_commands/go/e6be0830_nohash_0.wav,go,e6be0830,16000,16000,train
data/raw/mini_speech_commands/go/e6be0830_nohash_1.wav,go,e6be0830,15019,16000,train
data/raw/mini_speech_commands/go/e6be0830_nohash_2.wav,go,e6be0830,16000,16000,train
data/raw/mini_speech_commands/go/e6be0830_nohash_3.wav,go,e6be0830,15019,16000,train
data/raw/mini_speech_commands/go/e6be0830_nohash_5.wav,go,e6be0830,15702,16000,train
data/raw/mini_speech_commands/go/e6e29c47_nohash_0.wav,go,e6e29c47,15702,16000,train
data/raw/mini_speech_commands/go/e72aa705_nohash_0.wav,go,e72aa705,16000,16000,validation
data/raw/mini_speech_commands/go/e7334395_nohash_0.wav,go,e7334395,16000,16000,train
data/raw/mini_speech_commands/go/e7d0eb3f_nohash_0.wav,go,e7d0eb3f,16000,16000,train
data/raw/mini_speech_commands/go/e7ea8b76_nohash_0.wav,go,e7ea8b76,16000,16000,train
data/raw/mini_speech_commands/go/e7ea8b76_nohash_2.wav,go,e7ea8b76,16000,16000,train
data/raw/mini_speech_commands/go/e7ea8b76_nohash_7.wav,go,e7ea8b76,16000,16000,train
data/raw/mini_speech_commands/go/e7ebf59c_nohash_0.wav,go,e7ebf59c,16000,16000,train
data/raw/mini_speech_commands/go/e7ebf59c_nohash_1.wav,go,e7ebf59c,16000,16000,train
data/raw/mini_speech_commands/go/e82914c0_nohash_0.wav,go,e82914c0,16000,16000,train
data/raw/mini_speech_commands/go/e95c70e2_nohash_0.wav,go,e95c70e2,16000,16000,train
data/raw/mini_speech_commands/go/e95c70e2_nohash_1.wav,go,e95c70e2,16000,16000,train
data/raw/mini_speech_commands/go/e95c70e2_nohash_2.wav,go,e95c70e2,16000,16000,train
data/raw/mini_speech_commands/go/e96a5020_nohash_0.wav,go,e96a5020,16000,16000,train
data/raw/mini_speech_commands/go/e96a5020_nohash_1.wav,go,e96a5020,16000,16000,train
data/raw/mini_speech_commands/go/e9901cf0_nohash_0.wav,go,e9901cf0,16000,16000,train
data/raw/mini_speech_commands/go/e9901cf0_nohash_1.wav,go,e9901cf0,16000,16000,train
data/raw/mini_speech_commands/go/e9a76b2f_nohash_3.wav,go,e9a76b2f,16000,16000,train
data/raw/mini_speech_commands/go/ea356919_nohash_1.wav,go,ea356919,16000,16000,train
data/raw/mini_speech_commands/go/ea356919_nohash_2.wav,go,ea356919,14861,16000,train
data/raw/mini_speech_commands/go/eb0676ec_nohash_0.wav,go,eb0676ec,16000,16000,train
data/raw/mini_speech_commands/go/eb3d8eb1_nohash_0.wav,go,eb3d8eb1,16000,16000,train
data/raw/mini_speech_commands/go/ec201020_nohash_2.wav,go,ec201020,16000,16000,train
data/raw/mini_speech_commands/go/ec201020_nohash_4.wav,go,ec201020,16000,16000,train
data/raw/mini_speech_commands/go/ec74a8a5_nohash_0.wav,go,ec74a8a5,16000,16000,train
data/raw/mini_speech_commands/go/ec74a8a5_nohash_1.wav,go,ec74a8a5,16000,16000,train
data/raw/mini_speech_commands/go/ec7d1151_nohash_1.wav,go,ec7d1151,16000,16000,train
data/raw/mini_speech_commands/go/ecef25ba_nohash_0.wav,go,ecef25ba,7510,16000,train
data/raw/mini_speech_commands/go/f15a354c_nohash_0.wav,go,f15a354c,16000,16000,train
data/raw/mini_speech_commands/go/f174517e_nohash_1.wav,go,f174517e,16000,16000,train
data/raw/mini_speech_commands/go/f17be97f_nohash_2.wav,go,f17be97f,16000,16000,train
data/raw/mini_speech_commands/go/f19c1390_nohash_4.wav,go,f19c1390,16000,16000,train
data/raw/mini_speech_commands/go/f19d1738_nohash_1.wav,go,f19d1738,16000,16000,test
data/raw/mini_speech_commands/go/f1b35ace_nohash_0.wav,go,f1b35ace,16000,16000,train
data/raw/mini_speech_commands/go/f21893dc_nohash_0.wav,go,f21893dc,8917,16000,train
data/raw/mini_speech_commands/go/f264e0df_nohash_1.wav,go,f264e0df,16000,16000,test
data/raw/mini_speech_commands/go/f2b8fc18_nohash_1.wav,go,f2b8fc18,16000,16000,train
data/raw/mini_speech_commands/go/f33660af_nohash_0.wav,go,f33660af,16000,16000,train
data/raw/mini_speech_commands/go/f3cee168_nohash_0.wav,go,f3cee168,16000,16000,train
data/raw/mini_speech_commands/go/f4c77b26_nohash_2.wav,go,f4c77b26,15019,16000,train
data/raw/mini_speech_commands/go/f4c77b26_nohash_3.wav,go,f4c77b26,16000,16000,train
data/raw/mini_speech_commands/go/f550b7dc_nohash_0.wav,go,f550b7dc,16000,16000,train
data/raw/mini_speech_commands/go/f550b7dc_nohash_2.wav,go,f550b7dc,16000,16000,train
data/raw/mini_speech_commands/go/f5733968_nohash_4.wav,go,f5733968,16000,16000,train
data/raw/mini_speech_commands/go/f59d0771_nohash_0.wav,go,f59d0771,16000,16000,validation
data/raw/mini_speech_commands/go/f5e44d34_nohash_0.wav,go,f5e44d34,16000,16000,train
data/raw/mini_speech_commands/go/f6617a86_nohash_0.wav,go,f6617a86,16000,16000,train
data/raw/mini_speech_commands/go/f7b43563_nohash_0.wav,go,f7b43563,16000,16000,train
data/raw/mini_speech_commands/go/f804cbb3_nohash_0.wav,go,f804cbb3,16000,16000,train
data/raw/mini_speech_commands/go/f839238a_nohash_2.wav,go,f839238a,16000,16000,train
data/raw/mini_speech_commands/go/f84762e5_nohash_0.wav,go,f84762e5,16000,16000,train
data/raw/mini_speech_commands/go/f864cd4a_nohash_1.wav,go,f864cd4a,16000,16000,test
data/raw/mini_speech_commands/go/f864cd4a_nohash_2.wav,go,f864cd4a,16000,16000,test
data/raw/mini_speech_commands/go/f875f965_nohash_0.wav,go,f875f965,16000,16000,test
data/raw/mini_speech_commands/go/f8f60f59_nohash_1.wav,go,f8f60f59,16000,16000,test
data/raw/mini_speech_commands/go/f8f60f59_nohash_4.wav,go,f8f60f59,16000,16000,test
data/raw/mini_speech_commands/go/f92e49f3_nohash_2.wav,go,f92e49f3,16000,16000,train
data/raw/mini_speech_commands/go/f953e1af_nohash_0.wav,go,f953e1af,16000,16000,train
data/raw/mini_speech_commands/go/f953e1af_nohash_3.wav,go,f953e1af,16000,16000,train
data/raw/mini_speech_commands/go/f953e1af_nohash_4.wav,go,f953e1af,16000,16000,train
data/raw/mini_speech_commands/go/f9ebdba0_nohash_0.wav,go,f9ebdba0,14861,16000,train
data/raw/mini_speech_commands/go/f9ebdba0_nohash_1.wav,go,f9ebdba0,16000,16000,train
data/raw/mini_speech_commands/go/fac74f6a_nohash_1.wav,go,fac74f6a,16000,16000,validation
data/raw/mini_speech_commands/go/fac7deca_nohash_0.wav,go,fac7deca,16000,16000,train
data/raw/mini_speech_commands/go/fafe8101_nohash_0.wav,go,fafe8101,16000,16000,train
data/raw/mini_speech_commands/go/fb24c826_nohash_0.wav,go,fb24c826,16000,16000,test
data/raw/mini_speech_commands/go/fb2f3242_nohash_0.wav,go,fb2f3242,16000,16000,validation
data/raw/mini_speech_commands/go/fb7c9b3b_nohash_1.wav,go,fb7c9b3b,15702,16000,train
data/raw/mini_speech_commands/go/fb9d6d23_nohash_1.wav,go,fb9d6d23,16000,16000,train
data/raw/mini_speech_commands/go/fbdc07bb_nohash_0.wav,go,fbdc07bb,16000,16000,train
data/raw/mini_speech_commands/go/fc28c8d8_nohash_0.wav,go,fc28c8d8,16000,16000,validation
data/raw/mini_speech_commands/go/fc94edb0_nohash_0.wav,go,fc94edb0,16000,16000,train
data/raw/mini_speech_commands/go/fcb25a78_nohash_0.wav,go,fcb25a78,16000,16000,train
data/raw/mini_speech_commands/go/fce65496_nohash_1.wav,go,fce65496,16000,16000,train
data/raw/mini_speech_commands/go/fd32732a_nohash_0.wav,go,fd32732a,16000,16000,validation
data/raw/mini_speech_commands/go/fd395b74_nohash_2.wav,go,fd395b74,16000,16000,train
data/raw/mini_speech_commands/go/fd395b74_nohash_3.wav,go,fd395b74,16000,16000,train
data/raw/mini_speech_commands/go/fde2dee7_nohash_1.wav,go,fde2dee7,11146,16000,train
data/raw/mini_speech_commands/go/fe5c4a7a_nohash_0.wav,go,fe5c4a7a,16000,16000,test
data/raw/mini_speech_commands/go/feb1d305_nohash_0.wav,go,feb1d305,16000,16000,train
data/raw/mini_speech_commands/go/ffa76c4a_nohash_0.wav,go,ffa76c4a,16000,16000,train
data/raw/mini_speech_commands/go/ffd2ba2f_nohash_2.wav,go,ffd2ba2f,16000,16000,train
data/raw/mini_speech_commands/go/ffd2ba2f_nohash_3.wav,go,ffd2ba2f,16000,16000,train
data/raw/mini_speech_commands/stop/012c8314_nohash_0.wav,stop,012c8314,16000,16000,train
data/raw/mini_speech_commands/stop/0132a06d_nohash_3.wav,stop,0132a06d,16000,16000,train
data/raw/mini_speech_commands/stop/0132a06d_nohash_4.wav,stop,0132a06d,16000,16000,train
data/raw/mini_speech_commands/stop/0135f3f2_nohash_0.wav,stop,0135f3f2,16000,16000,validation
data/raw/mini_speech_commands/stop/0135f3f2_nohash_1.wav,stop,0135f3f2,16000,16000,validation
data/raw/mini_speech_commands/stop/0137b3f4_nohash_0.wav,stop,0137b3f4,16000,16000,train
data/raw/mini_speech_commands/stop/0137b3f4_nohash_2.wav,stop,0137b3f4,16000,16000,train
data/raw/mini_speech_commands/stop/014f9f65_nohash_0.wav,stop,014f9f65,15702,16000,train
data/raw/mini_speech_commands/stop/019fa366_nohash_0.wav,stop,019fa366,16000,16000,train
data/raw/mini_speech_commands/stop/019fa366_nohash_1.wav,stop,019fa366,16000,16000,train
data/raw/mini_speech_commands/stop/01b4757a_nohash_1.wav,stop,01b4757a,13654,16000,train
data/raw/mini_speech_commands/stop/01b4757a_nohash_2.wav,stop,01b4757a,15019,16000,train
data/raw/mini_speech_commands/stop/01bb6a2a_nohash_0.wav,stop,01bb6a2a,16000,16000,train
data/raw/mini_speech_commands/stop/01bcfc0c_nohash_0.wav,stop,01bcfc0c,16000,16000,train
data/raw/mini_speech_commands/stop/0227998e_nohash_0.wav,stop,0227998e,16000,16000,validation
data/raw/mini_speech_commands/stop/0227998e_nohash_1.wav,stop,0227998e,16000,16000,validation
data/raw/mini_speech_commands/stop/0227998e_nohash_2.wav,stop,0227998e,13375,16000,validation
data/raw/mini_speech_commands/stop/022cd682_nohash_0.wav,stop,022cd682,16000,16000,train
data/raw/mini_speech_commands/stop/023a61ad_nohash_0.wav,stop,023a61ad,16000,16000,test
data/raw/mini_speech_commands/stop/023a61ad_nohash_1.wav,stop,023a61ad,16000,16000,test
data/raw/mini_speech_commands/stop/02e85b60_nohash_0.wav,stop,02e85b60,16000,16000,train
data/raw/mini_speech_commands/stop/035de8fe_nohash_0.wav,stop,035de8fe,16000,16000,train
data/raw/mini_speech_commands/stop/03cf93b1_nohash_0.wav,stop,03cf93b1,13654,16000,train
data/raw/mini_speech_commands/stop/0447d7c1_nohash_0.wav,stop,0447d7c1,16000,16000,train
data/raw/mini_speech_commands/stop/05739450_nohash_1.wav,stop,05739450,12971,16000,train
data/raw/mini_speech_commands/stop/05739450_nohash_2.wav,stop,05739450,14336,16000,train
data/raw/mini_speech_commands/stop/063d48cf_nohash_0.wav,stop,063d48cf,16000,16000,train
data/raw/mini_speech_commands/stop/07363607_nohash_1.wav,stop,07363607,16000,16000,train
data/raw/mini_speech_commands/stop/07ad9b59_nohash_1.wav,stop,07ad9b59,16000,16000,test
data/raw/mini_speech_commands/stop/07ad9b59_nohash_2.wav,stop,07ad9b59,16000,16000,test
data/raw/mini_speech_commands/stop/08ab8082_nohash_0.wav,stop,08ab8082,16000,16000,train
data/raw/mini_speech_commands/stop/099d52ad_nohash_3.wav,stop,099d52ad,16000,16000,train
data/raw/mini_speech_commands/stop/09ddc105_nohash_0.wav,stop,09ddc105,13654,16000,train
data/raw/mini_speech_commands/stop/0b40aa8e_nohash_0.wav,stop,0b40aa8e,16000,16000,train
data/raw/mini_speech_commands/stop/0b56bcfe_nohash_0.wav,stop,0b56bcfe,16000,16000,train
data/raw/mini_speech_commands/stop/0b56bcfe_nohash_1.wav,stop,0b56bcfe,16000,16000,train
data/raw/mini_speech_commands/stop/0c2d2ffa_nohash_0.wav,stop,0c2d2ffa,16000,16000,train
data/raw/mini_speech_commands/stop/0c40e715_nohash_1.wav,stop,0c40e715,16000,16000,train
data/raw/mini_speech_commands/stop/0cd323ec_nohash_0.wav,stop,0cd323ec,16000,16000,train
data/raw/mini_speech_commands/stop/0cd323ec_nohash_1.wav,stop,0cd323ec,16000,16000,train
data/raw/mini_speech_commands/stop/0d2bcf9d_nohash_0.wav,stop,0d2bcf9d,16000,16000,train
data/raw/mini_speech_commands/stop/0e5193e6_nohash_0.wav,stop,0e5193e6,16000,16000,train
data/raw/mini_speech_commands/stop/0f3f64d5_nohash_1.wav,stop,0f3f64d5,16000,16000,train
data/raw/mini_speech_commands/stop/0fa1e7a9_nohash_1.wav,stop,0fa1e7a9,16000,16000,train
data/raw/mini_speech_commands/stop/0ff728b5_nohash_1.wav,stop,0ff728b5,16000,16000,train
data/raw/mini_speech_commands/stop/0ff728b5_nohash_3.wav,stop,0ff728b5,16000,16000,train
data/raw/mini_speech_commands/stop/0ff728b5_nohash_4.wav,stop,0ff728b5,16000,16000,train
data/raw/mini_speech_commands/stop/105a0eea_nohash_0.wav,stop,105a0eea,16000,16000,test
data/raw/mini_speech_commands/stop/105e72bb_nohash_0.wav,stop,105e72bb,16000,16000,train
data/raw/mini_speech_commands/stop/105e72bb_nohash_1.wav,stop,105e72bb,16000,16000,train
data/raw/mini_speech_commands/stop/106a6183_nohash_3.wav,stop,106a6183,16000,16000,train
data/raw/mini_speech_commands/stop/10ace7eb_nohash_0.wav,stop,10ace7eb,16000,16000,test
data/raw/mini_speech_commands/stop/10ace7eb_nohash_1.wav,stop,10ace7eb,16000,16000,test
data/raw/mini_speech_commands/stop/10c6d873_nohash_0.wav,stop,10c6d873,16000,16000,train
data/raw/mini_speech_commands/stop/11321027_nohash_0.wav,stop,11321027,16000,16000,train
data/raw/mini_speech_commands/stop/11379f4d_nohash_0.wav,stop,11379f4d,16000,16000,test
data/raw/mini_speech_commands/stop/11b1df78_nohash_0.wav,stop,11b1df78,16000,16000,train
data/raw/mini_speech_commands/stop/122c5aa7_nohash_0.wav,stop,122c5aa7,16000,16000,train
data/raw/mini_speech_commands/stop/122c5aa7_nohash_3.wav,stop,122c5aa7,16000,16000,train
data/raw/mini_speech_commands/stop/12529547_nohash_0.wav,stop,12529547,16000,16000,train
data/raw/mini_speech_commands/stop/126403d4_nohash_0.wav,stop,126403d4,16000,16000,train
data/raw/mini_speech_commands/stop/12c206ea_nohash_0.wav,stop,12c206ea,16000,16000,train
data/raw/mini_speech_commands/stop/13d7b8c9_nohash_0.wav,stop,13d7b8c9,16000,16000,train
data/raw/mini_speech_commands/stop/146d97db_nohash_0.wav,stop,146d97db,16000,16000,train
data/raw/mini_speech_commands/stop/15c563d7_nohash_1.wav,stop,15c563d7,16000,16000,test
data/raw/mini_speech_commands/stop/15c563d7_nohash_2.wav,stop,15c563d7,16000,16000,test
data/raw/mini_speech_commands/stop/15f04ff8_nohash_0.wav,stop,15f04ff8,16000,16000,train
data/raw/mini_speech_commands/stop/1657c9fa_nohash_0.wav,stop,1657c9fa,16000,16000,train
data/raw/mini_speech_commands/stop/1706c35f_nohash_1.wav,stop,1706c35f,16000,16000,train
data/raw/mini_speech_commands/stop/179a61b7_nohash_1.wav,stop,179a61b7,16000,16000,train
data/raw/mini_speech_commands/stop/17f0e206_nohash_0.wav,stop,17f0e206,16000,16000,train
data/raw/mini_speech_commands/stop/1816b768_nohash_1.wav,stop,1816b768,14118,16000,train
data/raw/mini_speech_commands/stop/1816b768_nohash_2.wav,stop,1816b768,16000,16000,train
data/raw/mini_speech_commands/stop/1816b768_nohash_3.wav,stop,1816b768,15604,16000,train
data/raw/mini_speech_commands/stop/187af8be_nohash_0.wav,stop,187af8be,16000,16000,train
data/raw/mini_speech_commands/stop/1890e5c3_nohash_0.wav,stop,1890e5c3,16000,16000,train
data/raw/mini_speech_commands/stop/1890e5c3_nohash_1.wav,stop,1890e5c3,16000,16000,train
data/raw/mini_speech_commands/stop/18a8f03f_nohash_0.wav,stop,18a8f03f,16000,16000,train
data/raw/mini_speech_commands/stop/190821dc_nohash_2.wav,stop,190821dc,16000,16000,test
data/raw/mini_speech_commands/stop/190821dc_nohash_4.wav,stop,190821dc,16000,16000,test
data/raw/mini_speech_commands/stop/19e98e89_nohash_0.wav,stop,19e98e89,16000,16000,train
data/raw/mini_speech_commands/stop/1a673010_nohash_1.wav,stop,1a673010,16000,16000,validation
data/raw/mini_speech_commands/stop/1a892463_nohash_0.wav,stop,1a892463,16000,16000,train
data/raw/mini_speech_commands/stop/1aed7c6d_nohash_0.wav,stop,1aed7c6d,16000,16000,train
data/raw/mini_speech_commands/stop/1afd49bf_nohash_1.wav,stop,1afd49bf,16000,16000,train
data/raw/mini_speech_commands/stop/1b4c9b89_nohash_1.wav,stop,1b4c9b89,16000,16000,validation
data/raw/mini_speech_commands/stop/1b4c9b89_nohash_4.wav,stop,1b4c9b89,16000,16000,validation
data/raw/mini_speech_commands/stop/1b755c65_nohash_1.wav,stop,1b755c65,16000,16000,train
data/raw/mini_speech_commands/stop/1b835b87_nohash_0.wav,stop,1b835b87,16000,16000,validation
data/raw/mini_speech_commands/stop/1b835b87_nohash_1.wav,stop,1b835b87,16000,16000,validation
data/raw/mini_speech_commands/stop/1b88bf70_nohash_2.wav,stop,1b88bf70,16000,16000,train
data/raw/mini_speech_commands/stop/1c1060b1_nohash_0.wav,stop,1c1060b1,16000,16000,train
data/raw/mini_speech_commands/stop/1c3f4fac_nohash_0.wav,stop,1c3f4fac,16000,16000,train
data/raw/mini_speech_commands/stop/1c45ceb2_nohash_1.wav,stop,1c45ceb2,16000,16000,train
data/raw/mini_speech_commands/stop/1c45ceb2_nohash_2.wav,stop,1c45ceb2,16000,16000,train
data/raw/mini_speech_commands/stop/1c6e5447_nohash_1.wav,stop,1c6e5447,16000,16000,train
data/raw/mini_speech_commands/stop/1cec8d71_nohash_0.wav,stop,1cec8d71,16000,16000,train
data/raw/mini_speech_commands/stop/1dce06e8_nohash_0.wav,stop,1dce06e8,16000,16000,train
data/raw/mini_speech_commands/stop/1e31353f_nohash_0.wav,stop,1e31353f,16000,16000,train
data/raw/mini_speech_commands/stop/1e31353f_nohash_2.wav,stop,1e31353f,16000,16000,train
data/raw/mini_speech_commands/stop/1e412fac_nohash_0.wav,stop,1e412fac,16000,16000,train
data/raw/mini_speech_commands/stop/1e9b215e_nohash_0.wav,stop,1e9b215e,16000,16000,train
data/raw/mini_speech_commands/stop/1ecfb537_nohash_2.wav,stop,1ecfb537,16000,16000,train
data/raw/mini_speech_commands/stop/1ecfb537_nohash_3.wav,stop,1ecfb537,16000,16000,train
data/raw/mini_speech_commands/stop/1ed557b9_nohash_0.wav,stop,1ed557b9,16000,16000,train
data/raw/mini_speech_commands/stop/1fd85ee4_nohash_0.wav,stop,1fd85ee4,16000,16000,train
data/raw/mini_speech_commands/stop/1fe4c891_nohash_0.wav,stop,1fe4c891,16000,16000,train
data/raw/mini_speech_commands/stop/20174140_nohash_0.wav,stop,20174140,16000,16000,train
data/raw/mini_speech_commands/stop/21832144_nohash_4.wav,stop,21832144,16000,16000,train
data/raw/mini_speech_commands/stop/229978fd_nohash_2.wav,stop,229978fd,16000,16000,train
data/raw/mini_speech_commands/stop/229978fd_nohash_3.wav,stop,229978fd,16000,16000,train
data/raw/mini_speech_commands/stop/22aa3665_nohash_0.wav,stop,22aa3665,9558,16000,validation
data/raw/mini_speech_commands/stop/22aa3665_nohash_1.wav,stop,22aa3665,12971,16000,validation
data/raw/mini_speech_commands/stop/2313e093_nohash_1.wav,stop,2313e093,16000,16000,test
data/raw/mini_speech_commands/stop/2313e093_nohash_2.wav,stop,2313e093,16000,16000,test
data/raw/mini_speech_commands/stop/234ab0fb_nohash_0.wav,stop,234ab0fb,16000,16000,train
data/raw/mini_speech_commands/stop/238c112c_nohash_0.wav,stop,238c112c,16000,16000,train
data/raw/mini_speech_commands/stop/24632875_nohash_0.wav,stop,24632875,16000,16000,train
data/raw/mini_speech_commands/stop/24632875_nohash_1.wav,stop,24632875,16000,16000,train
data/raw/mini_speech_commands/stop/24694eb6_nohash_0.wav,stop,24694eb6,14861,16000,train
data/raw/mini_speech_commands/stop/24befdb3_nohash_1.wav,stop,24befdb3,16000,16000,train
data/raw/mini_speech_commands/stop/24befdb3_nohash_3.wav,stop,24befdb3,16000,16000,train
data/raw/mini_speech_commands/stop/24befdb3_nohash_4.wav,stop,24befdb3,16000,16000,train
data/raw/mini_speech_commands/stop/24ed94ab_nohash_2.wav,stop,24ed94ab,16000,16000,train
data/raw/mini_speech_commands/stop/2510c044_nohash_0.wav,stop,2510c044,14861,16000,train
data/raw/mini_speech_commands/stop/25132942_nohash_0.wav,stop,25132942,16000,16000,train
data/raw/mini_speech_commands/stop/25132942_nohash_1.wav,stop,25132942,16000,16000,train
data/raw/mini_speech_commands/stop/25132942_nohash_2.wav,stop,25132942,16000,16000,train
data/raw/mini_speech_commands/stop/257251e0_nohash_1.wav,stop,257251e0,16000,16000,train
data/raw/mini_speech_commands/stop/257e17e0_nohash_0.wav,stop,257e17e0,16000,16000,validation
data/raw/mini_speech_commands/stop/2643992f_nohash_0.wav,stop,2643992f,16000,16000,train
data/raw/mini_speech_commands/stop/26b28ea7_nohash_0.wav,stop,26b28ea7,15019,16000,train
data/raw/mini_speech_commands/stop/26e573a9_nohash_0.wav,stop,26e573a9,15604,16000,train
data/raw/mini_speech_commands/stop/27c30960_nohash_0.wav,stop,27c30960,16000,16000,test
data/raw/mini_speech_commands/stop/28ce0c58_nohash_1.wav,stop,28ce0c58,16000,16000,train
data/raw/mini_speech_commands/stop/28ce0c58_nohash_3.wav,stop,28ce0c58,16000,16000,train
data/raw/mini_speech_commands/stop/28ce0c58_nohash_4.wav,stop,28ce0c58,16000,16000,train
data/raw/mini_speech_commands/stop/28e47b1a_nohash_0.wav,stop,28e47b1a,16000,16000,validation
data/raw/mini_speech_commands/stop/28e47b1a_nohash_1.wav,stop,28e47b1a,16000,16000,validation
data/raw/mini_speech_commands/stop/28e47b1a_nohash_2.wav,stop,28e47b1a,16000,16000,validation
data/raw/mini_speech_commands/stop/28ed6bc9_nohash_3.wav,stop,28ed6bc9,16000,16000,train
data/raw/mini_speech_commands/stop/28ef2a01_nohash_0.wav,stop,28ef2a01,16000,16000,validation
data/raw/mini_speech_commands/stop/2903efb3_nohash_0.wav,stop,2903efb3,14118,16000,test
data/raw/mini_speech_commands/stop/299c14b1_nohash_0.wav,stop,299c14b1,16000,16000,test
data/raw/mini_speech_commands/stop/29fb33da_nohash_0.wav,stop,29fb33da,16000,16000,train
data/raw/mini_speech_commands/stop/29fb33da_nohash_3.wav,stop,29fb33da,16000,16000,train
data/raw/mini_speech_commands/stop/2a89ad5c_nohash_0.wav,stop,2a89ad5c,16000,16000,train
data/raw/mini_speech_commands/stop/2aa787cf_nohash_0.wav,stop,2aa787cf,16000,16000,train
data/raw/mini_speech_commands/stop/2ad772d6_nohash_0.wav,stop,2ad772d6,16000,16000,train
data/raw/mini_speech_commands/stop/2ad772d6_nohash_1.wav,stop,2ad772d6,16000,16000,train
data/raw/mini_speech_commands/stop/2bd2cad5_nohash_0.wav,stop,2bd2cad5,13375,16000,train
data/raw/mini_speech_commands/stop/2bd2cad5_nohash_1.wav,stop,2bd2cad5,13375,16000,train
data/raw/mini_speech_commands/stop/2bdbe5f7_nohash_0.wav,stop,2bdbe5f7,16000,16000,test
data/raw/mini_speech_commands/stop/2bdbe5f7_nohash_2.wav,stop,2bdbe5f7,16000,16000,test
data/raw/mini_speech_commands/stop/2bdbe5f7_nohash_3.wav,stop,2bdbe5f7,16000,16000,test
data/raw/mini_speech_commands/stop/2bfe70ef_nohash_2.wav,stop,2bfe70ef,16000,16000,train
data/raw/mini_speech_commands/stop/2c6446f7_nohash_0.wav,stop,2c6446f7,16000,16000,test
data/raw/mini_speech_commands/stop/2c6446f7_nohash_1.wav,stop,2c6446f7,16000,16000,test
data/raw/mini_speech_commands/stop/2c6d3924_nohash_0.wav,stop,2c6d3924,16000,16000,train
data/raw/mini_speech_commands/stop/2da58b32_nohash_0.wav,stop,2da58b32,16000,16000,validation
data/raw/mini_speech_commands/stop/2da58b32_nohash_3.wav,stop,2da58b32,16000,16000,validation
data/raw/mini_speech_commands/stop/2da58b32_nohash_4.wav,stop,2da58b32,16000,16000,validation
data/raw/mini_speech_commands/stop/2dcb6848_nohash_0.wav,stop,2dcb6848,16000,16000,train
data/raw/mini_speech_commands/stop/2f666bb2_nohash_1.wav,stop,2f666bb2,16000,16000,train
data/raw/mini_speech_commands/stop/2f666bb2_nohash_2.wav,stop,2f666bb2,16000,16000,train
data/raw/mini_speech_commands/stop/2fa39636_nohash_1.wav,stop,2fa39636,16000,16000,train
data/raw/mini_speech_commands/stop/300384f0_nohash_0.wav,stop,300384f0,16000,16000,test
data/raw/mini_speech_commands/stop/3006c271_nohash_0.wav,stop,3006c271,16000,16000,train
data/raw/mini_speech_commands/stop/3006c271_nohash_1.wav,stop,3006c271,16000,16000,train
data/raw/mini_speech_commands/stop/305776dd_nohash_1.wav,stop,305776dd,16000,16000,train
data/raw/mini_speech_commands/stop/30a09789_nohash_0.wav,stop,30a09789,16000,16000,train
data/raw/mini_speech_commands/stop/30a09789_nohash_1.wav,stop,30a09789,16000,16000,train
data/raw/mini_speech_commands/stop/30aabd44_nohash_0.wav,stop,30aabd44,16000,16000,train
data/raw/mini_speech_commands/stop/30f31e42_nohash_0.wav,stop,30f31e42,16000,16000,test
data/raw/mini_speech_commands/stop/311fde72_nohash_3.wav,stop,311fde72,16000,16000,train
data/raw/mini_speech_commands/stop/311fde72_nohash_4.wav,stop,311fde72,16000,16000,train
data/raw/mini_speech_commands/stop/31e686d2_nohash_1.wav,stop,31e686d2,16000,16000,train
data/raw/mini_speech_commands/stop/32561e9e_nohash_0.wav,stop,32561e9e,16000,16000,train
data/raw/mini_speech_commands/stop/327289eb_nohash_1.wav,stop,327289eb,16000,16000,train
data/raw/mini_speech_commands/stop/33246bc2_nohash_0.wav,stop,33246bc2,16000,16000,train
data/raw/mini_speech_commands/stop/33246bc2_nohash_1.wav,stop,33246bc2,16000,16000,train
data/raw/mini_speech_commands/stop/333784b7_nohash_1.wav,stop,333784b7,16000,16000,test
data/raw/mini_speech_commands/stop/3389305e_nohash_1.wav,stop,3389305e,16000,16000,train
data/raw/mini_speech_commands/stop/3389305e_nohash_2.wav,stop,3389305e,16000,16000,train
data/raw/mini_speech_commands/stop/338dacf5_nohash_0.wav,stop,338dacf5,16000,16000,train
data/raw/mini_speech_commands/stop/33903159_nohash_0.wav,stop,33903159,12971,16000,train
data/raw/mini_speech_commands/stop/33f60c62_nohash_0.wav,stop,33f60c62,16000,16000,test
data/raw/mini_speech_commands/stop/33f60c62_nohash_1.wav,stop,33f60c62,16000,16000,test
data/raw/mini_speech_commands/stop/3402e488_nohash_1.wav,stop,3402e488,16000,16000,train
data/raw/mini_speech_commands/stop/3402e488_nohash_2.wav,stop,3402e488,16000,16000,train
data/raw/mini_speech_commands/stop/340c8b10_nohash_1.wav,stop,340c8b10,16000,16000,test
data/raw/mini_speech_commands/stop/34805883_nohash_0.wav,stop,34805883,16000,16000,train
data/raw/mini_speech_commands/stop/353b4d33_nohash_0.wav,stop,353b4d33,16000,16000,train
data/raw/mini_speech_commands/stop/35c8fa78_nohash_0.wav,stop,35c8fa78,16000,16000,train
data/raw/mini_speech_commands/stop/35d1b6ee_nohash_2.wav,stop,35d1b6ee,16000,16000,train
data/raw/mini_speech_commands/stop/35d1b6ee_nohash_3.wav,stop,35d1b6ee,16000,16000,train
data/raw/mini_speech_commands/stop/36050ef3_nohash_0.wav,stop,36050ef3,16000,16000,test
data/raw/mini_speech_commands/stop/36050ef3_nohash_3.wav,stop,36050ef3,16000,16000,test
data/raw/mini_speech_commands/stop/36050ef3_nohash_4.wav,stop,36050ef3,16000,16000,test
data/raw/mini_speech_commands/stop/364c0853_nohash_0.wav,stop,364c0853,16000,16000,train
data/raw/mini_speech_commands/stop/365531e2_nohash_1.wav,stop,365531e2,16000,16000,train
data/raw/mini_speech_commands/stop/370844f7_nohash_0.wav,stop,370844f7,16000,16000,train
data/raw/mini_speech_commands/stop/3777c08e_nohash_0.wav,stop,3777c08e,16000,16000,train
data/raw/mini_speech_commands/stop/37d38e44_nohash_0.wav,stop,37d38e44,16000,16000,train
data/raw/mini_speech_commands/stop/37dca74f_nohash_0.wav,stop,37dca74f,16000,16000,train
data/raw/mini_speech_commands/stop/37dca74f_nohash_2.wav,stop,37dca74f,16000,16000,train
data/raw/mini_speech_commands/stop/37dca74f_nohash_3.wav,stop,37dca74f,16000,16000,train
data/raw/mini_speech_commands/stop/37fc5d97_nohash_1.wav,stop,37fc5d97,16000,16000,train
data/raw/mini_speech_commands/stop/380abbad_nohash_0.wav,stop,380abbad,16000,16000,train
data/raw/mini_speech_commands/stop/3824c00e_nohash_0.wav,stop,3824c00e,16000,16000,train
data/raw/mini_speech_commands/stop/3852fca2_nohash_0.wav,stop,3852fca2,16000,16000,train
data/raw/mini_speech_commands/stop/38d78313_nohash_0.wav,stop,38d78313,16000,16000,train
data/raw/mini_speech_commands/stop/38d78313_nohash_3.wav,stop,38d78313,16000,16000,train
data/raw/mini_speech_commands/stop/3903b558_nohash_0.wav,stop,3903b558,16000,16000,train
data/raw/mini_speech_commands/stop/39543cfd_nohash_0.wav,stop,39543cfd,16000,16000,train
data/raw/mini_speech_commands/stop/39999a0f_nohash_0.wav,stop,39999a0f,16000,16000,validation
data/raw/mini_speech_commands/stop/39a12648_nohash_1.wav,stop,39a12648,16000,16000,validation
data/raw/mini_speech_commands/stop/39a12648_nohash_4.wav,stop,39a12648,16000,16000,validation
data/raw/mini_speech_commands/stop/3a182c98_nohash_0.wav,stop,3a182c98,16000,16000,train
data/raw/mini_speech_commands/stop/3a182c98_nohash_1.wav,stop,3a182c98,16000,16000,train
data/raw/mini_speech_commands/stop/3a789a0d_nohash_0.wav,stop,3a789a0d,16000,16000,test
data/raw/mini_speech_commands/stop/3a7d8872_nohash_0.wav,stop,3a7d8872,16000,16000,train
data/raw/mini_speech_commands/stop/3aa6f4e2_nohash_0.wav,stop,3aa6f4e2,16000,16000,validation
data/raw/mini_speech_commands/stop/3ac2e76f_nohash_0.wav,stop,3ac2e76f,15604,16000,train
data/raw/mini_speech_commands/stop/3b7f817e_nohash_1.wav,stop,3b7f817e,16000,16000,train
data/raw/mini_speech_commands/stop/3bc21161_nohash_3.wav,stop,3bc21161,16000,16000,validation
data/raw/mini_speech_commands/stop/3bfd30e6_nohash_1.wav,stop,3bfd30e6,16000,16000,train
data/raw/mini_speech_commands/stop/3bfd30e6_nohash_3.wav,stop,3bfd30e6,16000,16000,train
data/raw/mini_speech_commands/stop/3c257192_nohash_1.wav,stop,3c257192,16000,16000,train
data/raw/mini_speech_commands/stop/3c257192_nohash_2.wav,stop,3c257192,16000,16000,train
data/raw/mini_speech_commands/stop/3c257192_nohash_3.wav,stop,3c257192,16000,16000,train
data/raw/mini_speech_commands/stop/3ca784ec_nohash_2.wav,stop,3ca784ec,16000,16000,train
data/raw/mini_speech_commands/stop/3d3ddaf8_nohash_0.wav,stop,3d3ddaf8,16000,16000,train
data/raw/mini_speech_commands/stop/3d3ddaf8_nohash_1.wav,stop,3d3ddaf8,14861,16000,train
data/raw/mini_speech_commands/stop/3d53244b_nohash_2.wav,stop,3d53244b,16000,16000,train
data/raw/mini_speech_commands/stop/3da7f617_nohash_0.wav,stop,3da7f617,16000,16000,validation
data/raw/mini_speech_commands/stop/3e31dffe_nohash_0.wav,stop,3e31dffe,16000,16000,validation
data/raw/mini_speech_commands/stop/3e31dffe_nohash_4.wav,stop,3e31dffe,16000,16000,validation
data/raw/mini_speech_commands/stop/3e3fa7fd_nohash_0.wav,stop,3e3fa7fd,16000,16000,train
data/raw/mini_speech_commands/stop/3f170018_nohash_0.wav,stop,3f170018,16000,16000,train
data/raw/mini_speech_commands/stop/3ff840aa_nohash_0.wav,stop,3ff840aa,12971,16000,train
data/raw/mini_speech_commands/stop/413997c1_nohash_0.wav,stop,413997c1,16000,16000,train
data/raw/mini_speech_commands/stop/418e7158_nohash_0.wav,stop,418e7158,16000,16000,train
data/raw/mini_speech_commands/stop/421ed23f_nohash_0.wav,stop,421ed23f,16000,16000,train
data/raw/mini_speech_commands/stop/4249c833_nohash_0.wav,stop,4249c833,16000,16000,test
data/raw/mini_speech_commands/stop/42c6fff1_nohash_0.wav,stop,42c6fff1,16000,16000,train
data/raw/mini_speech_commands/stop/437455be_nohash_0.wav,stop,437455be,16000,16000,train
data/raw/mini_speech_commands/stop/439c84f4_nohash_3.wav,stop,439c84f4,16000,16000,train
data/raw/mini_speech_commands/stop/439c84f4_nohash_4.wav,stop,439c84f4,16000,16000,train
data/raw/mini_speech_commands/stop/43fc47a7_nohash_1.wav,stop,43fc47a7,16000,16000,train
data/raw/mini_speech_commands/stop/43fc47a7_nohash_2.wav,stop,43fc47a7,16000,16000,train
data/raw/mini_speech_commands/stop/44b5720d_nohash_0.wav,stop,44b5720d,16000,16000,train
data/raw/mini_speech_commands/stop/46114b4e_nohash_1.wav,stop,46114b4e,16000,16000,train
data/raw/mini_speech_commands/stop/4634529e_nohash_0.wav,stop,4634529e,14336,16000,train
data/raw/mini_speech_commands/stop/46a153d8_nohash_2.wav,stop,46a153d8,16000,16000,validation
data/raw/mini_speech_commands/stop/46a153d8_nohash_3.wav,stop,46a153d8,16000,16000,validation
data/raw/mini_speech_commands/stop/471a0925_nohash_2.wav,stop,471a0925,16000,16000,train
data/raw/mini_speech_commands/stop/47565088_nohash_0.wav,stop,47565088,14336,16000,train
data/raw/mini_speech_commands/stop/48463cbc_nohash_0.wav,stop,48463cbc,16000,16000,train
data/raw/mini_speech_commands/stop/48463cbc_nohash_1.wav,stop,48463cbc,16000,16000,train
data/raw/mini_speech_commands/stop/48a8a69d_nohash_0.wav,stop,48a8a69d,16000,16000,validation
data/raw/mini_speech_commands/stop/48a9f771_nohash_0.wav,stop,48a9f771,16000,16000,train
data/raw/mini_speech_commands/stop/48a9f771_nohash_1.wav,stop,48a9f771,16000,16000,train
data/raw/mini_speech_commands/stop/48bdc11c_nohash_0.wav,stop,48bdc11c,16000,16000,train
data/raw/mini_speech_commands/stop/48bfde8e_nohash_0.wav,stop,48bfde8e,16000,16000,train
data/raw/mini_speech_commands/stop/48e8b82a_nohash_0.wav,stop,48e8b82a,16000,16000,train
data/raw/mini_speech_commands/stop/48e8b82a_nohash_1.wav,stop,48e8b82a,16000,16000,train
data/raw/mini_speech_commands/stop/48e8b82a_nohash_2.wav,stop,48e8b82a,16000,16000,train
data/raw/mini_speech_commands/stop/49af4432_nohash_2.wav,stop,49af4432,16000,16000,train
data/raw/mini_speech_commands/stop/49af4432_nohash_3.wav,stop,49af4432,16000,16000,train
data/raw/mini_speech_commands/stop/4a1e736b_nohash_0.wav,stop,4a1e736b,16000,16000,train
data/raw/mini_speech_commands/stop/4a1e736b_nohash_1.wav,stop,4a1e736b,16000,16000,train
data/raw/mini_speech_commands/stop/4a1e736b_nohash_4.wav,stop,4a1e736b,16000,16000,train
data/raw/mini_speech_commands/stop/4a4e28f1_nohash_0.wav,stop,4a4e28f1,16000,16000,train
data/raw/mini_speech_commands/stop/4abefdf5_nohash_0.wav,stop,4abefdf5,16000,16000,train
data/raw/mini_speech_commands/stop/4b25f620_nohash_0.wav,stop,4b25f620,16000,16000,train
data/raw/mini_speech_commands/stop/4bb1244f_nohash_1.wav,stop,4bb1244f,16000,16000,test
data/raw/mini_speech_commands/stop/4bba14ce_nohash_0.wav,stop,4bba14ce,16000,16000,train
data/raw/mini_speech_commands/stop/4c13fe25_nohash_1.wav,stop,4c13fe25,16000,16000,train
data/raw/mini_speech_commands/stop/4c432947_nohash_1.wav,stop,4c432947,16000,16000,train
data/raw/mini_speech_commands/stop/4c77947d_nohash_0.wav,stop,4c77947d,11606,16000,test
data/raw/mini_speech_commands/stop/4d9e07cf_nohash_0.wav,stop,4d9e07cf,16000,16000,train
data/raw/mini_speech_commands/stop/4ec7d027_nohash_0.wav,stop,4ec7d027,16000,16000,test
data/raw/mini_speech_commands/stop/4f781a59_nohash_0.wav,stop,4f781a59,14861,16000,train
data/raw/mini_speech_commands/stop/4f781a59_nohash_1.wav,stop,4f781a59,14118,16000,train
data/raw/mini_speech_commands/stop/4f8ef132_nohash_1.wav,stop,4f8ef132,16000,16000,train
data/raw/mini_speech_commands/stop/4fd4d073_nohash_0.wav,stop,4fd4d073,16000,16000,validation
data/raw/mini_speech_commands/stop/4fe01997_nohash_0.wav,stop,4fe01997,16000,16000,test
data/raw/mini_speech_commands/stop/51055bda_nohash_0.wav,stop,51055bda,16000,16000,train
data/raw/mini_speech_commands/stop/51055bda_nohash_3.wav,stop,51055bda,16000,16000,train
data/raw/mini_speech_commands/stop/51055bda_nohash_4.wav,stop,51055bda,16000,16000,train
data/raw/mini_speech_commands/stop/512dc91a_nohash_0.wav,stop,512dc91a,16000,16000,train
data/raw/mini_speech_commands/stop/5184ed3e_nohash_1.wav,stop,5184ed3e,16000,16000,train
data/raw/mini_speech_commands/stop/5184ed3e_nohash_2.wav,stop,5184ed3e,16000,16000,train
data/raw/mini_speech_commands/stop/51eefcc6_nohash_0.wav,stop,51eefcc6,16000,16000,train
data/raw/mini_speech_commands/stop/51eefcc6_nohash_1.wav,stop,51eefcc6,16000,16000,train
data/raw/mini_speech_commands/stop/51f4d5b0_nohash_0.wav,stop,51f4d5b0,16000,16000,train
data/raw/mini_speech_commands/stop/520b2c17_nohash_0.wav,stop,520b2c17,16000,16000,train
data/raw/mini_speech_commands/stop/529eda42_nohash_2.wav,stop,529eda42,16000,16000,train
data/raw/mini_speech_commands/stop/52e228e9_nohash_0.wav,stop,52e228e9,15019,16000,train
data/raw/mini_speech_commands/stop/531a5b8a_nohash_0.wav,stop,531a5b8a,16000,16000,train
data/raw/mini_speech_commands/stop/53458368_nohash_0.wav,stop,53458368,16000,16000,train
data/raw/mini_speech_commands/stop/540d8427_nohash_0.wav,stop,540d8427,10923,16000,train
data/raw/mini_speech_commands/stop/541120c7_nohash_1.wav,stop,541120c7,16000,16000,train
data/raw/mini_speech_commands/stop/5628d7b7_nohash_0.wav,stop,5628d7b7,16000,16000,train
data/raw/mini_speech_commands/stop/563aa4e6_nohash_0.wav,stop,563aa4e6,16000,16000,train
data/raw/mini_speech_commands/stop/563aa4e6_nohash_1.wav,stop,563aa4e6,16000,16000,train
data/raw/mini_speech_commands/stop/563aa4e6_nohash_2.wav,stop,563aa4e6,16000,16000,train
data/raw/mini_speech_commands/stop/563aa4e6_nohash_3.wav,stop,563aa4e6,16000,16000,train
data/raw/mini_speech_commands/stop/569455ff_nohash_0.wav,stop,569455ff,16000,16000,train
data/raw/mini_speech_commands/stop/56eb74ae_nohash_4.wav,stop,56eb74ae,16000,16000,train
data/raw/mini_speech_commands/stop/573cdb8a_nohash_2.wav,stop,573cdb8a,16000,16000,train
data/raw/mini_speech_commands/stop/57b38f48_nohash_0.wav,stop,57b38f48,16000,16000,test
data/raw/mini_speech_commands/stop/57b68383_nohash_0.wav,stop,57b68383,16000,16000,train
data/raw/mini_speech_commands/stop/587f3271_nohash_0.wav,stop,587f3271,16000,16000,train
data/raw/mini_speech_commands/stop/58df33b5_nohash_1.wav,stop,58df33b5,16000,16000,train
data/raw/mini_speech_commands/stop/59b98a22_nohash_0.wav,stop,59b98a22,15019,16000,validation
data/raw/mini_speech_commands/stop/59fe87e6_nohash_0.wav,stop,59fe87e6,16000,16000,validation
data/raw/mini_speech_commands/stop/5a0bc987_nohash_0.wav,stop,5a0bc987,15702,16000,train
data/raw/mini_speech_commands/stop/5a9f7324_nohash_1.wav,stop,5a9f7324,16000,16000,train
data/raw/mini_speech_commands/stop/5ac04a92_nohash_0.wav,stop,5ac04a92,16000,16000,train
data/raw/mini_speech_commands/stop/5ac04a92_nohash_2.wav,stop,5ac04a92,16000,16000,train
data/raw/mini_speech_commands/stop/5af0ca83_nohash_0.wav,stop,5af0ca83,16000,16000,train
data/raw/mini_speech_commands/stop/5af0ca83_nohash_1.wav,stop,5af0ca83,16000,16000,train
data/raw/mini_speech_commands/stop/5c8af87a_nohash_0.wav,stop,5c8af87a,16000,16000,train
data/raw/mini_speech_commands/stop/5c8af87a_nohash_2.wav,stop,5c8af87a,16000,16000,train
data/raw/mini_speech_commands/stop/5c8af87a_nohash_4.wav,stop,5c8af87a,16000,16000,train
data/raw/mini_speech_commands/stop/5d9bb361_nohash_0.wav,stop,5d9bb361,16000,16000,validation
data/raw/mini_speech_commands/stop/5e3dde6b_nohash_0.wav,stop,5e3dde6b,16000,16000,train
data/raw/mini_speech_commands/stop/5e3dde6b_nohash_1.wav,stop,5e3dde6b,16000,16000,train
data/raw/mini_speech_commands/stop/5e3dde6b_nohash_4.wav,stop,5e3dde6b,16000,16000,train
data/raw/mini_speech_commands/stop/5efb758c_nohash_0.wav,stop,5efb758c,16000,16000,train
data/raw/mini_speech_commands/stop/5f1b1051_nohash_1.wav,stop,5f1b1051,16000,16000,train
data/raw/mini_speech_commands/stop/5f814c23_nohash_0.wav,stop,5f814c23,16000,16000,train
data/raw/mini_speech_commands/stop/5f8e50a0_nohash_0.wav,stop,5f8e50a0,16000,16000,test
data/raw/mini_speech_commands/stop/5fadb538_nohash_0.wav,stop,5fadb538,16000,16000,test
data/raw/mini_speech_commands/stop/5fadb538_nohash_1.wav,stop,5fadb538,16000,16000,test
data/raw/mini_speech_commands/stop/5fadb538_nohash_2.wav,stop,5fadb538,16000,16000,test
data/raw/mini_speech_commands/stop/5fadb538_nohash_3.wav,stop,5fadb538,16000,16000,test
data/raw/mini_speech_commands/stop/5fc3ed24_nohash_2.wav,stop,5fc3ed24,16000,16000,validation
data/raw/mini_speech_commands/stop/605ed0ff_nohash_0.wav,stop,605ed0ff,16000,16000,train
data/raw/mini_speech_commands/stop/6078eb0d_nohash_0.wav,stop,6078eb0d,16000,16000,validation
data/raw/mini_speech_commands/stop/6094340e_nohash_0.wav,stop,6094340e,16000,16000,train
data/raw/mini_speech_commands/stop/611d2b50_nohash_1.wav,stop,611d2b50,16000,16000,train
data/raw/mini_speech_commands/stop/611d2b50_nohash_2.wav,stop,611d2b50,16000,16000,train
data/raw/mini_speech_commands/stop/611d2b50_nohash_3.wav,stop,611d2b50,16000,16000,train
data/raw/mini_speech_commands/stop/6166ae21_nohash_0.wav,stop,6166ae21,16000,16000,train
data/raw/mini_speech_commands/stop/617de221_nohash_0.wav,stop,617de221,16000,16000,train
data/raw/mini_speech_commands/stop/617de221_nohash_1.wav,stop,617de221,16000,16000,train
data/raw/mini_speech_commands/stop/617de221_nohash_4.wav,stop,617de221,16000,16000,train
data/raw/mini_speech_commands/stop/61a0d340_nohash_0.wav,stop,61a0d340,16000,16000,train
data/raw/mini_speech_commands/stop/61bcb275_nohash_0.wav,stop,61bcb275,16000,16000,train
data/raw/mini_speech_commands/stop/620ff0fa_nohash_0.wav,stop,620ff0fa,16000,16000,train
data/raw/mini_speech_commands/stop/620ff0fa_nohash_1.wav,stop,620ff0fa,15604,16000,train
data/raw/mini_speech_commands/stop/62581901_nohash_0.wav,stop,62581901,16000,16000,train
data/raw/mini_speech_commands/stop/62581901_nohash_1.wav,stop,62581901,16000,16000,train
data/raw/mini_speech_commands/stop/62605293_nohash_0.wav,stop,62605293,16000,16000,validation
data/raw/mini_speech_commands/stop/62641b88_nohash_0.wav,stop,62641b88,16000,16000,train
data/raw/mini_speech_commands/stop/626e323f_nohash_0.wav,stop,626e323f,12632,16000,test
data/raw/mini_speech_commands/stop/62ef962d_nohash_0.wav,stop,62ef962d,16000,16000,validation
data/raw/mini_speech_commands/stop/6301e683_nohash_0.wav,stop,6301e683,16000,16000,test
data/raw/mini_speech_commands/stop/637c702a_nohash_2.wav,stop,637c702a,16000,16000,train
data/raw/mini_speech_commands/stop/63996b7c_nohash_0.wav,stop,63996b7c,16000,16000,train
data/raw/mini_speech_commands/stop/6414258b_nohash_0.wav,stop,6414258b,16000,16000,train
data/raw/mini_speech_commands/stop/64220627_nohash_2.wav,stop,64220627,12288,16000,train
data/raw/mini_speech_commands/stop/64f83f0e_nohash_0.wav,stop,64f83f0e,12971,16000,train
data/raw/mini_speech_commands/stop/651d108f_nohash_0.wav,stop,651d108f,16000,16000,train
data/raw/mini_speech_commands/stop/653a48f5_nohash_0.wav,stop,653a48f5,16000,16000,train
data/raw/mini_speech_commands/stop/65c73b55_nohash_0.wav,stop,65c73b55,16000,16000,train
data/raw/mini_speech_commands/stop/66aa0f29_nohash_0.wav,stop,66aa0f29,16000,16000,train
data/raw/mini_speech_commands/stop/6727b579_nohash_0.wav,stop,6727b579,16000,16000,train
data/raw/mini_speech_commands/stop/6727b579_nohash_1.wav,stop,6727b579,16000,16000,train
data/raw/mini_speech_commands/stop/6727b579_nohash_3.wav,stop,6727b579,16000,16000,train
data/raw/mini_speech_commands/stop/6727b579_nohash_4.wav,stop,6727b579,16000,16000,train
data/raw/mini_speech_commands/stop/6794a793_nohash_0.wav,stop,6794a793,16000,16000,train
data/raw/mini_speech_commands/stop/67c7fecb_nohash_0.wav,stop,67c7fecb,16000,16000,train
data/raw/mini_speech_commands/stop/67fcdb05_nohash_0.wav,stop,67fcdb05,16000,16000,train
data/raw/mini_speech_commands/stop/6846af18_nohash_0.wav,stop,6846af18,16000,16000,train
data/raw/mini_speech_commands/stop/6846af18_nohash_1.wav,stop,6846af18,16000,16000,train
data/raw/mini_speech_commands/stop/686d030b_nohash_0.wav,stop,686d030b,16000,16000,validation
data/raw/mini_speech_commands/stop/686d030b_nohash_2.wav,stop,686d030b,16000,16000,validation
data/raw/mini_speech_commands/stop/686d030b_nohash_3.wav,stop,686d030b,16000,16000,validation
data/raw/mini_speech_commands/stop/686d030b_nohash_4.wav,stop,686d030b,16000,16000,validation
data/raw/mini_speech_commands/stop/68dd409e_nohash_0.wav,stop,68dd409e,16000,16000,train
data/raw/mini_speech_commands/stop/68dd409e_nohash_1.wav,stop,68dd409e,16000,16000,train
data/raw/mini_speech_commands/stop/68dd409e_nohash_2.wav,stop,68dd409e,16000,16000,train
data/raw/mini_speech_commands/stop/69f609ec_nohash_1.wav,stop,69f609ec,16000,16000,train
data/raw/mini_speech_commands/stop/6a014b29_nohash_2.wav,stop,6a014b29,16000,16000,train
data/raw/mini_speech_commands/stop/6aafb34f_nohash_1.wav,stop,6aafb34f,16000,16000,validation
data/raw/mini_speech_commands/stop/6af4aa07_nohash_1.wav,stop,6af4aa07,16000,16000,train
data/raw/mini_speech_commands/stop/6c429c7b_nohash_1.wav,stop,6c429c7b,16000,16000,validation
data/raw/mini_speech_commands/stop/6c429c7b_nohash_2.wav,stop,6c429c7b,16000,16000,validation
data/raw/mini_speech_commands/stop/6c968bd9_nohash_1.wav,stop,6c968bd9,16000,16000,train
data/raw/mini_speech_commands/stop/6c968bd9_nohash_2.wav,stop,6c968bd9,16000,16000,train
data/raw/mini_speech_commands/stop/6c968bd9_nohash_3.wav,stop,6c968bd9,16000,16000,train
data/raw/mini_speech_commands/stop/6ceeb9aa_nohash_0.wav,stop,6ceeb9aa,16000,16000,test
data/raw/mini_speech_commands/stop/6ceeb9aa_nohash_1.wav,stop,6ceeb9aa,16000,16000,test
data/raw/mini_speech_commands/stop/6d2d3b0d_nohash_1.wav,stop,6d2d3b0d,16000,16000,train
data/raw/mini_speech_commands/stop/6d818f6c_nohash_0.wav,stop,6d818f6c,16000,16000,train
data/raw/mini_speech_commands/stop/6e2ef3d5_nohash_0.wav,stop,6e2ef3d5,16000,16000,test
data/raw/mini_speech_commands/stop/6e8b9b7b_nohash_1.wav,stop,6e8b9b7b,16000,16000,train
data/raw/mini_speech_commands/stop/6f689791_nohash_0.wav,stop,6f689791,16000,16000,train
data/raw/mini_speech_commands/stop/6f689791_nohash_2.wav,stop,6f689791,16000,16000,train
data/raw/mini_speech_commands/stop/6f7724f5_nohash_0.wav,stop,6f7724f5,16000,16000,test
data/raw/mini_speech_commands/stop/6fca237d_nohash_0.wav,stop,6fca237d,14118,16000,train
data/raw/mini_speech_commands/stop/7014b07e_nohash_1.wav,stop,7014b07e,10403,16000,train
data/raw/mini_speech_commands/stop/7081436f_nohash_0.wav,stop,7081436f,16000,16000,train
data/raw/mini_speech_commands/stop/70a00e98_nohash_0.wav,stop,70a00e98,16000,16000,train
data/raw/mini_speech_commands/stop/70a00e98_nohash_3.wav,stop,70a00e98,16000,16000,train
data/raw/mini_speech_commands/stop/70a00e98_nohash_4.wav,stop,70a00e98,16000,16000,train
data/raw/mini_speech_commands/stop/7106d229_nohash_0.wav,stop,7106d229,16000,16000,train
data/raw/mini_speech_commands/stop/712e4d58_nohash_0.wav,stop,712e4d58,16000,16000,test
data/raw/mini_speech_commands/stop/712e4d58_nohash_2.wav,stop,712e4d58,16000,16000,test
data/raw/mini_speech_commands/stop/712e4d58_nohash_3.wav,stop,712e4d58,16000,16000,test
data/raw/mini_speech_commands/stop/716757ce_nohash_0.wav,stop,716757ce,16000,16000,train
data/raw/mini_speech_commands/stop/716757ce_nohash_1.wav,stop,716757ce,16000,16000,train
data/raw/mini_speech_commands/stop/71bf8f48_nohash_0.wav,stop,71bf8f48,16000,16000,test
data/raw/mini_speech_commands/stop/71e6ab20_nohash_2.wav,stop,71e6ab20,16000,16000,train
data/raw/mini_speech_commands/stop/71e6ab20_nohash_3.wav,stop,71e6ab20,16000,16000,train
data/raw/mini_speech_commands/stop/71f6fed7_nohash_2.wav,stop,71f6fed7,16000,16000,train
data/raw/mini_speech_commands/stop/7211390b_nohash_2.wav,stop,7211390b,16000,16000,validation
data/raw/mini_speech_commands/stop/7211390b_nohash_3.wav,stop,7211390b,16000,16000,validation
data/raw/mini_speech_commands/stop/723efc4c_nohash_0.wav,stop,723efc4c,16000,16000,train
data/raw/mini_speech_commands/stop/7257420c_nohash_0.wav,stop,7257420c,16000,16000,train
data/raw/mini_speech_commands/stop/726382d6_nohash_0.wav,stop,726382d6,16000,16000,test
data/raw/mini_speech_commands/stop/72aa7259_nohash_1.wav,stop,72aa7259,16000,16000,train
data/raw/mini_speech_commands/stop/72be9202_nohash_0.wav,stop,72be9202,15604,16000,train
data/raw/mini_speech_commands/stop/73124b26_nohash_0.wav,stop,73124b26,16000,16000,train
data/raw/mini_speech_commands/stop/73124b26_nohash_1.wav,stop,73124b26,16000,16000,train
data/raw/mini_speech_commands/stop/735845ab_nohash_0.wav,stop,735845ab,16000,16000,validation
data/raw/mini_speech_commands/stop/735845ab_nohash_3.wav,stop,735845ab,16000,16000,validation
data/raw/mini_speech_commands/stop/735845ab_nohash_4.wav,stop,735845ab,16000,16000,validation
data/raw/mini_speech_commands/stop/73f0c1f7_nohash_1.wav,stop,73f0c1f7,16000,16000,train
data/raw/mini_speech_commands/stop/742d6431_nohash_3.wav,stop,742d6431,16000,16000,train
data/raw/mini_speech_commands/stop/74551073_nohash_2.wav,stop,74551073,16000,16000,train
data/raw/mini_speech_commands/stop/747e69fd_nohash_0.wav,stop,747e69fd,16000,16000,train
data/raw/mini_speech_commands/stop/74b73f88_nohash_0.wav,stop,74b73f88,16000,16000,train
data/raw/mini_speech_commands/stop/74b73f88_nohash_1.wav,stop,74b73f88,16000,16000,train
data/raw/mini_speech_commands/stop/763188c4_nohash_0.wav,stop,763188c4,16000,16000,train
data/raw/mini_speech_commands/stop/763188c4_nohash_1.wav,stop,763188c4,16000,16000,train
data/raw/mini_speech_commands/stop/765ffccb_nohash_1.wav,stop,765ffccb,16000,16000,train
data/raw/mini_speech_commands/stop/76b58705_nohash_0.wav,stop,76b58705,16000,16000,train
data/raw/mini_speech_commands/stop/76e53db9_nohash_0.wav,stop,76e53db9,16000,16000,train
data/raw/mini_speech_commands/stop/772db621_nohash_0.wav,stop,772db621,16000,16000,train
data/raw/mini_speech_commands/stop/77655bdf_nohash_0.wav,stop,77655bdf,16000,16000,train
data/raw/mini_speech_commands/stop/77655bdf_nohash_1.wav,stop,77655bdf,16000,16000,train
data/raw/mini_speech_commands/stop/778a4a01_nohash_0.wav,stop,778a4a01,13654,16000,train
data/raw/mini_speech_commands/stop/778a4a01_nohash_1.wav,stop,778a4a01,16000,16000,train
data/raw/mini_speech_commands/stop/77def3ee_nohash_0.wav,stop,77def3ee,16000,16000,train
data/raw/mini_speech_commands/stop/78030270_nohash_0.wav,stop,78030270,16000,16000,train
data/raw/mini_speech_commands/stop/784e281a_nohash_0.wav,stop,784e281a,16000,16000,validation
data/raw/mini_speech_commands/stop/784e281a_nohash_1.wav,stop,784e281a,16000,16000,validation
data/raw/mini_speech_commands/stop/7910d292_nohash_0.wav,stop,7910d292,16000,16000,test
data/raw/mini_speech_commands/stop/7910d292_nohash_1.wav,stop,7910d292,16000,16000,test
data/raw/mini_speech_commands/stop/7add4c5f_nohash_1.wav,stop,7add4c5f,16000,16000,train
data/raw/mini_speech_commands/stop/7bae88ed_nohash_0.wav,stop,7bae88ed,16000,16000,train
data/raw/mini_speech_commands/stop/7c1d8533_nohash_0.wav,stop,7c1d8533,16000,16000,train
data/raw/mini_speech_commands/stop/7c1d8533_nohash_1.wav,stop,7c1d8533,16000,16000,train
data/raw/mini_speech_commands/stop/7c75a504_nohash_0.wav,stop,7c75a504,16000,16000,validation
data/raw/mini_speech_commands/stop/7cf14c54_nohash_4.wav,stop,7cf14c54,16000,16000,train
data/raw/mini_speech_commands/stop/7d149b38_nohash_0.wav,stop,7d149b38,12971,16000,train
data/raw/mini_speech_commands/stop/7d5f87c8_nohash_0.wav,stop,7d5f87c8,16000,16000,train
data/raw/mini_speech_commands/stop/7d86b703_nohash_0.wav,stop,7d86b703,16000,16000,train
data/raw/mini_speech_commands/stop/7d86b703_nohash_2.wav,stop,7d86b703,16000,16000,train
data/raw/mini_speech_commands/stop/7dc95912_nohash_0.wav,stop,7dc95912,16000,16000,validation
data/raw/mini_speech_commands/stop/7e6bd776_nohash_2.wav,stop,7e6bd776,16000,16000,train
data/raw/mini_speech_commands/stop/7e843da8_nohash_0.wav,stop,7e843da8,16000,16000,train
data/raw/mini_speech_commands/stop/7ea032f3_nohash_0.wav,stop,7ea032f3,16000,16000,train
data/raw/mini_speech_commands/stop/7ea032f3_nohash_2.wav,stop,7ea032f3,16000,16000,train
data/raw/mini_speech_commands/stop/7eee5973_nohash_1.wav,stop,7eee5973,16000,16000,train
data/raw/mini_speech_commands/stop/7f17667c_nohash_1.wav,stop,7f17667c,15702,16000,train
data/raw/mini_speech_commands/stop/7f74626f_nohash_1.wav,stop,7f74626f,16000,16000,train
data/raw/mini_speech_commands/stop/7f74626f_nohash_2.wav,stop,7f74626f,16000,16000,train
data/raw/mini_speech_commands/stop/7fa5fa1f_nohash_0.wav,stop,7fa5fa1f,16000,16000,train
data/raw/mini_speech_commands/stop/7fd25f7c_nohash_1.wav,stop,7fd25f7c,16000,16000,train
data/raw/mini_speech_commands/stop/7fd25f7c_nohash_4.wav,stop,7fd25f7c,16000,16000,train
data/raw/mini_speech_commands/stop/7ff4fc72_nohash_0.wav,stop,7ff4fc72,16000,16000,train
data/raw/mini_speech_commands/stop/8012c69d_nohash_0.wav,stop,8012c69d,16000,16000,train
data/raw/mini_speech_commands/stop/8012c69d_nohash_1.wav,stop,8012c69d,16000,16000,train
data/raw/mini_speech_commands/stop/8012c69d_nohash_2.wav,stop,8012c69d,16000,16000,train
data/raw/mini_speech_commands/stop/8012c69d_nohash_4.wav,stop,8012c69d,16000,16000,train
data/raw/mini_speech_commands/stop/8056e897_nohash_0.wav,stop,8056e897,16000,16000,train
data/raw/mini_speech_commands/stop/8134f43f_nohash_2.wav,stop,8134f43f,16000,16000,train
data/raw/mini_speech_commands/stop/8134f43f_nohash_4.wav,stop,8134f43f,16000,16000,train
data/raw/mini_speech_commands/stop/824e8ce5_nohash_1.wav,stop,824e8ce5,15604,16000,train
data/raw/mini_speech_commands/stop/825f450d_nohash_0.wav,stop,825f450d,16000,16000,train
data/raw/mini_speech_commands/stop/825f450d_nohash_2.wav,stop,825f450d,16000,16000,train
data/raw/mini_speech_commands/stop/826268f8_nohash_0.wav,stop,826268f8,16000,16000,train
data/raw/mini_speech_commands/stop/8281a2a8_nohash_0.wav,stop,8281a2a8,16000,16000,train
data/raw/mini_speech_commands/stop/8281a2a8_nohash_3.wav,stop,8281a2a8,16000,16000,train
data/raw/mini_speech_commands/stop/8281a2a8_nohash_4.wav,stop,8281a2a8,16000,16000,train
data/raw/mini_speech_commands/stop/82b99576_nohash_0.wav,stop,82b99576,16000,16000,train
data/raw/mini_speech_commands/stop/82c6d220_nohash_1.wav,stop,82c6d220,10403,16000,test
data/raw/mini_speech_commands/stop/82e7204d_nohash_0.wav,stop,82e7204d,15019,16000,train
data/raw/mini_speech_commands/stop/82e7204d_nohash_1.wav,stop,82e7204d,16000,16000,train
data/raw/mini_speech_commands/stop/834f03fe_nohash_1.wav,stop,834f03fe,16000,16000,validation
data/raw/mini_speech_commands/stop/834f03fe_nohash_2.wav,stop,834f03fe,16000,16000,validation
data/raw/mini_speech_commands/stop/834f03fe_nohash_3.wav,stop,834f03fe,16000,16000,validation
data/raw/mini_speech_commands/stop/834f03fe_nohash_4.wav,stop,834f03fe,16000,16000,validation
data/raw/mini_speech_commands/stop/83957201_nohash_0.wav,stop,83957201,16000,16000,train
data/raw/mini_speech_commands/stop/83f9c4ab_nohash_0.wav,stop,83f9c4ab,16000,16000,train
data/raw/mini_speech_commands/stop/840eab5a_nohash_1.wav,stop,840eab5a,16000,16000,test
data/raw/mini_speech_commands/stop/84bf12ff_nohash_0.wav,stop,84bf12ff,16000,16000,train
data/raw/mini_speech_commands/stop/850e2222_nohash_0.wav,stop,850e2222,16000,16000,train
data/raw/mini_speech_commands/stop/85b877b5_nohash_0.wav,stop,85b877b5,16000,16000,train
data/raw/mini_speech_commands/stop/86478fab_nohash_1.wav,stop,86478fab,16000,16000,validation
data/raw/mini_speech_commands/stop/86b89661_nohash_1.wav,stop,86b89661,16000,16000,train
data/raw/mini_speech_commands/stop/86cb59b2_nohash_0.wav,stop,86cb59b2,16000,16000,train
data/raw/mini_speech_commands/stop/87eff300_nohash_0.wav,stop,87eff300,13654,16000,train
data/raw/mini_speech_commands/stop/87eff300_nohash_1.wav,stop,87eff300,12288,16000,train
data/raw/mini_speech_commands/stop/88053e92_nohash_0.wav,stop,88053e92,16000,16000,train
data/raw/mini_speech_commands/stop/88053e92_nohash_1.wav,stop,88053e92,16000,16000,train
data/raw/mini_speech_commands/stop/88053e92_nohash_2.wav,stop,88053e92,16000,16000,train
data/raw/mini_speech_commands/stop/8830e17f_nohash_1.wav,stop,8830e17f,16000,16000,train
data/raw/mini_speech_commands/stop/884ae8e1_nohash_0.wav,stop,884ae8e1,16000,16000,test
data/raw/mini_speech_commands/stop/888a0c49_nohash_3.wav,stop,888a0c49,16000,16000,train
data/raw/mini_speech_commands/stop/888a0c49_nohash_4.wav,stop,888a0c49,16000,16000,train
data/raw/mini_speech_commands/stop/88e90bc1_nohash_0.wav,stop,88e90bc1,16000,16000,train
data/raw/mini_speech_commands/stop/88f3719f_nohash_1.wav,stop,88f3719f,16000,16000,validation
data/raw/mini_speech_commands/stop/89865a6f_nohash_0.wav,stop,89865a6f,15702,16000,train
data/raw/mini_speech_commands/stop/8a0457c9_nohash_0.wav,stop,8a0457c9,16000,16000,train
data/raw/mini_speech_commands/stop/8a194ee6_nohash_0.wav,stop,8a194ee6,16000,16000,train
data/raw/mini_speech_commands/stop/8a194ee6_nohash_1.wav,stop,8a194ee6,16000,16000,train
data/raw/mini_speech_commands/stop/8a28231e_nohash_0.wav,stop,8a28231e,16000,16000,train
data/raw/mini_speech_commands/stop/8a28231e_nohash_1.wav,stop,8a28231e,16000,16000,train
data/raw/mini_speech_commands/stop/8a56f36e_nohash_0.wav,stop,8a56f36e,16000,16000,validation
data/raw/mini_speech_commands/stop/8a5acefd_nohash_0.wav,stop,8a5acefd,16000,16000,train
data/raw/mini_speech_commands/stop/8b39e36f_nohash_1.wav,stop,8b39e36f,16000,16000,train
data/raw/mini_speech_commands/stop/8b775397_nohash_0.wav,stop,8b775397,16000,16000,train
data/raw/mini_speech_commands/stop/8bf6acb9_nohash_1.wav,stop,8bf6acb9,14336,16000,train
data/raw/mini_speech_commands/stop/8d8d9855_nohash_0.wav,stop,8d8d9855,16000,16000,train
data/raw/mini_speech_commands/stop/8dc26a15_nohash_1.wav,stop,8dc26a15,16000,16000,train
data/raw/mini_speech_commands/stop/8e05039f_nohash_1.wav,stop,8e05039f,16000,16000,train
data/raw/mini_speech_commands/stop/8e05039f_nohash_4.wav,stop,8e05039f,16000,16000,train
data/raw/mini_speech_commands/stop/8eb4a1bf_nohash_1.wav,stop,8eb4a1bf,16000,16000,train
data/raw/mini_speech_commands/stop/8f3f252c_nohash_1.wav,stop,8f3f252c,16000,16000,train
data/raw/mini_speech_commands/stop/8f4c551f_nohash_0.wav,stop,8f4c551f,16000,16000,train
data/raw/mini_speech_commands/stop/8f4c551f_nohash_1.wav,stop,8f4c551f,16000,16000,train
data/raw/mini_speech_commands/stop/8f4c551f_nohash_2.wav,stop,8f4c551f,16000,16000,train
data/raw/mini_speech_commands/stop/8ff44869_nohash_0.wav,stop,8ff44869,16000,16000,train
data/raw/mini_speech_commands/stop/8ff44869_nohash_1.wav,stop,8ff44869,16000,16000,train
data/raw/mini_speech_commands/stop/90804775_nohash_0.wav,stop,90804775,6827,16000,train
data/raw/mini_speech_commands/stop/91223b83_nohash_0.wav,stop,91223b83,16000,16000,train
data/raw/mini_speech_commands/stop/918a2473_nohash_3.wav,stop,918a2473,16000,16000,train
data/raw/mini_speech_commands/stop/91bed2e0_nohash_0.wav,stop,91bed2e0,16000,16000,train
data/raw/mini_speech_commands/stop/91d5933a_nohash_0.wav,stop,91d5933a,15702,16000,validation
data/raw/mini_speech_commands/stop/92b0a735_nohash_0.wav,stop,92b0a735,16000,16000,train
data/raw/mini_speech_commands/stop/92b2bf59_nohash_0.wav,stop,92b2bf59,16000,16000,train
data/raw/mini_speech_commands/stop/92e17cc4_nohash_2.wav,stop,92e17cc4,16000,16000,train
data/raw/mini_speech_commands/stop/94de6a6a_nohash_1.wav,stop,94de6a6a,16000,16000,train
data/raw/mini_speech_commands/stop/94de6a6a_nohash_3.wav,stop,94de6a6a,16000,16000,train
data/raw/mini_speech_commands/stop/94de6a6a_nohash_4.wav,stop,94de6a6a,16000,16000,train
data/raw/mini_speech_commands/stop/953fe1ad_nohash_0.wav,stop,953fe1ad,16000,16000,train
data/raw/mini_speech_commands/stop/953fe1ad_nohash_4.wav,stop,953fe1ad,16000,16000,train
data/raw/mini_speech_commands/stop/9587481f_nohash_1.wav,stop,9587481f,16000,16000,train
data/raw/mini_speech_commands/stop/962f27eb_nohash_0.wav,stop,962f27eb,15019,16000,train
data/raw/mini_speech_commands/stop/962f27eb_nohash_1.wav,stop,962f27eb,15702,16000,train
data/raw/mini_speech_commands/stop/964e8cfd_nohash_4.wav,stop,964e8cfd,16000,16000,validation
data/raw/mini_speech_commands/stop/96a48d28_nohash_1.wav,stop,96a48d28,16000,16000,train
data/raw/mini_speech_commands/stop/96a48d28_nohash_2.wav,stop,96a48d28,16000,16000,train
data/raw/mini_speech_commands/stop/96a48d28_nohash_3.wav,stop,96a48d28,16000,16000,train
data/raw/mini_speech_commands/stop/96ab6565_nohash_4.wav,stop,96ab6565,16000,16000,train
data/raw/mini_speech_commands/stop/96c66ab7_nohash_0.wav,stop,96c66ab7,16000,16000,train
data/raw/mini_speech_commands/stop/96c66ab7_nohash_1.wav,stop,96c66ab7,16000,16000,train
data/raw/mini_speech_commands/stop/97101ef3_nohash_0.wav,stop,97101ef3,16000,16000,train
data/raw/mini_speech_commands/stop/9735764a_nohash_1.wav,stop,9735764a,16000,16000,train
data/raw/mini_speech_commands/stop/9735764a_nohash_2.wav,stop,9735764a,16000,16000,train
data/raw/mini_speech_commands/stop/977a3be4_nohash_0.wav,stop,977a3be4,13375,16000,train
data/raw/mini_speech_commands/stop/97addd88_nohash_0.wav,stop,97addd88,16000,16000,test
data/raw/mini_speech_commands/stop/97addd88_nohash_1.wav,stop,97addd88,16000,16000,test
data/raw/mini_speech_commands/stop/97ae8b25_nohash_0.wav,stop,97ae8b25,16000,16000,train
data/raw/mini_speech_commands/stop/97f493b9_nohash_0.wav,stop,97f493b9,12288,16000,train
data/raw/mini_speech_commands/stop/97f4c236_nohash_1.wav,stop,97f4c236,16000,16000,train
data/raw/mini_speech_commands/stop/97f4c236_nohash_2.wav,stop,97f4c236,16000,16000,train
data/raw/mini_speech_commands/stop/97f4c236_nohash_3.wav,stop,97f4c236,16000,16000,train
data/raw/mini_speech_commands/stop/982babaf_nohash_1.wav,stop,982babaf,16000,16000,train
data/raw/mini_speech_commands/stop/9a356ab9_nohash_0.wav,stop,9a356ab9,16000,16000,train
data/raw/mini_speech_commands/stop/9a69672b_nohash_1.wav,stop,9a69672b,16000,16000,train
data/raw/mini_speech_commands/stop/9a69672b_nohash_2.wav,stop,9a69672b,16000,16000,train
data/raw/mini_speech_commands/stop/9a69672b_nohash_4.wav,stop,9a69672b,16000,16000,train
data/raw/mini_speech_commands/stop/9a7c1f83_nohash_0.wav,stop,9a7c1f83,16000,16000,train
data/raw/mini_speech_commands/stop/9a7c1f83_nohash_1.wav,stop,9a7c1f83,16000,16000,train
data/raw/mini_speech_commands/stop/9a8d8d34_nohash_2.wav,stop,9a8d8d34,16000,16000,train
data/raw/mini_speech_commands/stop/9aa21fa9_nohash_0.wav,stop,9aa21fa9,16000,16000,train
data/raw/mini_speech_commands/stop/9aa21fa9_nohash_2.wav,stop,9aa21fa9,16000,16000,train
data/raw/mini_speech_commands/stop/9ab86dd0_nohash_0.wav,stop,9ab86dd0,16000,16000,train
data/raw/mini_speech_commands/stop/9acd0254_nohash_1.wav,stop,9acd0254,16000,16000,validation
data/raw/mini_speech_commands/stop/9acd0254_nohash_2.wav,stop,9acd0254,16000,16000,validation
data/raw/mini_speech_commands/stop/9cde5de8_nohash_0.wav,stop,9cde5de8,16000,16000,train
data/raw/mini_speech_commands/stop/9d050657_nohash_0.wav,stop,9d050657,16000,16000,train
data/raw/mini_speech_commands/stop/9d7036f9_nohash_0.wav,stop,9d7036f9,16000,16000,train
data/raw/mini_speech_commands/stop/9d7036f9_nohash_1.wav,stop,9d7036f9,16000,16000,train
data/raw/mini_speech_commands/stop/9db2bfe9_nohash_1.wav,stop,9db2bfe9,16000,16000,test
data/raw/mini_speech_commands/stop/9db2bfe9_nohash_2.wav,stop,9db2bfe9,16000,16000,test
data/raw/mini_speech_commands/stop/9db2bfe9_nohash_4.wav,stop,9db2bfe9,16000,16000,test
data/raw/mini_speech_commands/stop/9dc1889e_nohash_0.wav,stop,9dc1889e,15702,16000,train
data/raw/mini_speech_commands/stop/9dc1889e_nohash_2.wav,stop,9dc1889e,14336,16000,train
data/raw/mini_speech_commands/stop/9dcfba4b_nohash_0.wav,stop,9dcfba4b,14861,16000,train
data/raw/mini_speech_commands/stop/9e075bf1_nohash_0.wav,stop,9e075bf1,8917,16000,train
data/raw/mini_speech_commands/stop/9e6bb505_nohash_0.wav,stop,9e6bb505,16000,16000,validation
data/raw/mini_speech_commands/stop/9f22307d_nohash_0.wav,stop,9f22307d,16000,16000,validation
data/raw/mini_speech_commands/stop/9f4098cb_nohash_0.wav,stop,9f4098cb,16000,16000,train
data/raw/mini_speech_commands/stop/9f4098cb_nohash_1.wav,stop,9f4098cb,16000,16000,train
data/raw/mini_speech_commands/stop/9f63152b_nohash_0.wav,stop,9f63152b,16000,16000,validation
data/raw/mini_speech_commands/stop/9f63152b_nohash_4.wav,stop,9f63152b,16000,16000,validation
data/raw/mini_speech_commands/stop/9f6fbdb4_nohash_0.wav,stop,9f6fbdb4,16000,16000,train
data/raw/mini_speech_commands/stop/9f6fbdb4_nohash_1.wav,stop,9f6fbdb4,16000,16000,train
data/raw/mini_speech_commands/stop/9f6fbdb4_nohash_2.wav,stop,9f6fbdb4,16000,16000,train
data/raw/mini_speech_commands/stop/9ff1b8b6_nohash_0.wav,stop,9ff1b8b6,16000,16000,train
data/raw/mini_speech_commands/stop/9ff2d2f4_nohash_0.wav,stop,9ff2d2f4,16000,16000,train
data/raw/mini_speech_commands/stop/9ff2d2f4_nohash_1.wav,stop,9ff2d2f4,16000,16000,train
data/raw/mini_speech_commands/stop/9ff2d2f4_nohash_2.wav,stop,9ff2d2f4,16000,16000,train
data/raw/mini_speech_commands/stop/a1533da4_nohash_1.wav,stop,a1533da4,16000,16000,train
data/raw/mini_speech_commands/stop/a1a59b72_nohash_0.wav,stop,a1a59b72,15702,16000,train
data/raw/mini_speech_commands/stop/a1cff772_nohash_0.wav,stop,a1cff772,16000,16000,train
data/raw/mini_speech_commands/stop/a1cff772_nohash_4.wav,stop,a1cff772,16000,16000,train
data/raw/mini_speech_commands/stop/a1cff772_nohash_5.wav,stop,a1cff772,16000,16000,train
data/raw/mini_speech_commands/stop/a4baac4e_nohash_0.wav,stop,a4baac4e,16000,16000,train
data/raw/mini_speech_commands/stop/a4c938ce_nohash_1.wav,stop,a4c938ce,16000,16000,train
data/raw/mini_speech_commands/stop/a4c938ce_nohash_2.wav,stop,a4c938ce,16000,16000,train
data/raw/mini_speech_commands/stop/a4ca3afe_nohash_1.wav,stop,a4ca3afe,16000,16000,train
data/raw/mini_speech_commands/stop/a4e8a997_nohash_0.wav,stop,a4e8a997,16000,16000,train
data/raw/mini_speech_commands/stop/a4e8a997_nohash_1.wav,stop,a4e8a997,16000,16000,train
data/raw/mini_speech_commands/stop/a518d1cf_nohash_0.wav,stop,a518d1cf,16000,16000,train
data/raw/mini_speech_commands/stop/a5d485dc_nohash_0.wav,stop,a5d485dc,16000,16000,train
data/raw/mini_speech_commands/stop/a6d586b7_nohash_0.wav,stop,a6d586b7,16000,16000,train
data/raw/mini_speech_commands/stop/a6d586b7_nohash_2.wav,stop,a6d586b7,16000,16000,train
data/raw/mini_speech_commands/stop/a6d586b7_nohash_3.wav,stop,a6d586b7,16000,16000,train
data/raw/mini_speech_commands/stop/a74f3917_nohash_1.wav,stop,a74f3917,16000,16000,train
data/raw/mini_speech_commands/stop/a827e3a1_nohash_0.wav,stop,a827e3a1,16000,16000,train
data/raw/mini_speech_commands/stop/a827e3a1_nohash_2.wav,stop,a827e3a1,16000,16000,train
data/raw/mini_speech_commands/stop/a827e3a1_nohash_3.wav,stop,a827e3a1,16000,16000,train
data/raw/mini_speech_commands/stop/a8688b67_nohash_0.wav,stop,a8688b67,16000,16000,train
data/raw/mini_speech_commands/stop/a8cb6dda_nohash_0.wav,stop,a8cb6dda,16000,16000,test
data/raw/mini_speech_commands/stop/a8cf01bc_nohash_0.wav,stop,a8cf01bc,16000,16000,train
data/raw/mini_speech_commands/stop/a996cf66_nohash_0.wav,stop,a996cf66,16000,16000,train
data/raw/mini_speech_commands/stop/a9abc695_nohash_0.wav,stop,a9abc695,16000,16000,train
data/raw/mini_speech_commands/stop/a9b574b3_nohash_0.wav,stop,a9b574b3,16000,16000,train
data/raw/mini_speech_commands/stop/aa109cfb_nohash_0.wav,stop,aa109cfb,16000,16000,train
data/raw/mini_speech_commands/stop/ab00c4b2_nohash_1.wav,stop,ab00c4b2,16000,16000,train
data/raw/mini_speech_commands/stop/ab5ae445_nohash_1.wav,stop,ab5ae445,16000,16000,test
data/raw/mini_speech_commands/stop/ab71c9a7_nohash_0.wav,stop,ab71c9a7,16000,16000,train
data/raw/mini_speech_commands/stop/ab76ac76_nohash_0.wav,stop,ab76ac76,16000,16000,validation
data/raw/mini_speech_commands/stop/abbfc3b4_nohash_1.wav,stop,abbfc3b4,16000,16000,train
data/raw/mini_speech_commands/stop/ac4b3fc3_nohash_0.wav,stop,ac4b3fc3,16000,16000,test
data/raw/mini_speech_commands/stop/ac652c60_nohash_2.wav,stop,ac652c60,16000,16000,train
data/raw/mini_speech_commands/stop/acfd3bc3_nohash_0.wav,stop,acfd3bc3,16000,16000,train
data/raw/mini_speech_commands/stop/acfd3bc3_nohash_2.wav,stop,acfd3bc3,16000,16000,train
data/raw/mini_speech_commands/stop/ad1429cf_nohash_1.wav,stop,ad1429cf,16000,16000,train
data/raw/mini_speech_commands/stop/ad63d93c_nohash_0.wav,stop,ad63d93c,16000,16000,train
data/raw/mini_speech_commands/stop/ad63d93c_nohash_1.wav,stop,ad63d93c,16000,16000,train
data/raw/mini_speech_commands/stop/ad63d93c_nohash_2.wav,stop,ad63d93c,16000,16000,train
data/raw/mini_speech_commands/stop/ad63d93c_nohash_3.wav,stop,ad63d93c,16000,16000,train
data/raw/mini_speech_commands/stop/ad63d93c_nohash_4.wav,stop,ad63d93c,16000,16000,train
data/raw/mini_speech_commands/stop/ad89eb1e_nohash_0.wav,stop,ad89eb1e,16000,16000,train
data/raw/mini_speech_commands/stop/adc216c5_nohash_0.wav,stop,adc216c5,16000,16000,train
data/raw/mini_speech_commands/stop/adec6a94_nohash_0.wav,stop,adec6a94,16000,16000,train
data/raw/mini_speech_commands/stop/ae927455_nohash_0.wav,stop,ae927455,15019,16000,train
data/raw/mini_speech_commands/stop/aeb99b1c_nohash_0.wav,stop,aeb99b1c,16000,16000,train
data/raw/mini_speech_commands/stop/aef8dcf5_nohash_0.wav,stop,aef8dcf5,16000,16000,train
data/raw/mini_speech_commands/stop/aef8dcf5_nohash_1.wav,stop,aef8dcf5,16000,16000,train
data/raw/mini_speech_commands/stop/af130f12_nohash_0.wav,stop,af130f12,16000,16000,test
data/raw/mini_speech_commands/stop/afabfa0e_nohash_0.wav,stop,afabfa0e,16000,16000,train
data/raw/mini_speech_commands/stop/afb9e62e_nohash_0.wav,stop,afb9e62e,16000,16000,train
data/raw/mini_speech_commands/stop/aff582a1_nohash_4.wav,stop,aff582a1,16000,16000,train
data/raw/mini_speech_commands/stop/b00dff7e_nohash_0.wav,stop,b00dff7e,16000,16000,train
data/raw/mini_speech_commands/stop/b0f24c9b_nohash_0.wav,stop,b0f24c9b,16000,16000,train
data/raw/mini_speech_commands/stop/b0f24c9b_nohash_1.wav,stop,b0f24c9b,16000,16000,train
data/raw/mini_speech_commands/stop/b1114e4f_nohash_0.wav,stop,b1114e4f,16000,16000,train
data/raw/mini_speech_commands/stop/b21f0fa4_nohash_0.wav,stop,b21f0fa4,16000,16000,test
data/raw/mini_speech_commands/stop/b26343e9_nohash_1.wav,stop,b26343e9,16000,16000,train
data/raw/mini_speech_commands/stop/b3327675_nohash_1.wav,stop,b3327675,16000,16000,validation
data/raw/mini_speech_commands/stop/b3327675_nohash_2.wav,stop,b3327675,16000,16000,validation
data/raw/mini_speech_commands/stop/b3bdded5_nohash_0.wav,stop,b3bdded5,16000,16000,validation
data/raw/mini_speech_commands/stop/b3bdded5_nohash_1.wav,stop,b3bdded5,16000,16000,validation
data/raw/mini_speech_commands/stop/b3bdded5_nohash_2.wav,stop,b3bdded5,16000,16000,validation
data/raw/mini_speech_commands/stop/b4604db4_nohash_0.wav,stop,b4604db4,16000,16000,train
data/raw/mini_speech_commands/stop/b4604db4_nohash_1.wav,stop,b4604db4,16000,16000,train
data/raw/mini_speech_commands/stop/b46e8153_nohash_0.wav,stop,b46e8153,13654,16000,train
data/raw/mini_speech_commands/stop/b49caed3_nohash_0.wav,stop,b49caed3,16000,16000,train
data/raw/mini_speech_commands/stop/b49caed3_nohash_1.wav,stop,b49caed3,16000,16000,train
data/raw/mini_speech_commands/stop/b49caed3_nohash_2.wav,stop,b49caed3,16000,16000,train
data/raw/mini_speech_commands/stop/b4aa9fef_nohash_1.wav,stop,b4aa9fef,16000,16000,test
data/raw/mini_speech_commands/stop/b4aa9fef_nohash_2.wav,stop,b4aa9fef,16000,16000,test
data/raw/mini_speech_commands/stop/b4aa9fef_nohash_4.wav,stop,b4aa9fef,16000,16000,test
data/raw/mini_speech_commands/stop/b544d4fd_nohash_0.wav,stop,b544d4fd,16000,16000,train
data/raw/mini_speech_commands/stop/b5552931_nohash_2.wav,stop,b5552931,16000,16000,train
data/raw/mini_speech_commands/stop/b5d1e505_nohash_0.wav,stop,b5d1e505,16000,16000,train
data/raw/mini_speech_commands/stop/b65f6015_nohash_1.wav,stop,b65f6015,16000,16000,train
data/raw/mini_speech_commands/stop/b7016c27_nohash_0.wav,stop,b7016c27,16000,16000,train
data/raw/mini_speech_commands/stop/b7669804_nohash_0.wav,stop,b7669804,16000,16000,train
data/raw/mini_speech_commands/stop/b7669804_nohash_1.wav,stop,b7669804,16000,16000,train
data/raw/mini_speech_commands/stop/b7a0754f_nohash_1.wav,stop,b7a0754f,16000,16000,train
data/raw/mini_speech_commands/stop/b7a0754f_nohash_2.wav,stop,b7a0754f,16000,16000,train
data/raw/mini_speech_commands/stop/b80d6c5e_nohash_0.wav,stop,b80d6c5e,16000,16000,train
data/raw/mini_speech_commands/stop/b83c1acf_nohash_0.wav,stop,b83c1acf,16000,16000,train
data/raw/mini_speech_commands/stop/b83c1acf_nohash_3.wav,stop,b83c1acf,16000,16000,train
data/raw/mini_speech_commands/stop/b87bdb22_nohash_1.wav,stop,b87bdb22,16000,16000,validation
data/raw/mini_speech_commands/stop/b87bdb22_nohash_4.wav,stop,b87bdb22,16000,16000,validation
data/raw/mini_speech_commands/stop/b8b8cb52_nohash_0.wav,stop,b8b8cb52,16000,16000,validation
data/raw/mini_speech_commands/stop/b93528e3_nohash_1.wav,stop,b93528e3,16000,16000,train
data/raw/mini_speech_commands/stop/b93528e3_nohash_2.wav,stop,b93528e3,16000,16000,train
data/raw/mini_speech_commands/stop/b9515bf3_nohash_1.wav,stop,b9515bf3,16000,16000,train
data/raw/mini_speech_commands/stop/b959cd0c_nohash_0.wav,stop,b959cd0c,16000,16000,train
data/raw/mini_speech_commands/stop/b959cd0c_nohash_2.wav,stop,b959cd0c,16000,16000,train
data/raw/mini_speech_commands/stop/b959cd0c_nohash_3.wav,stop,b959cd0c,16000,16000,train
data/raw/mini_speech_commands/stop/b97c9f77_nohash_0.wav,stop,b97c9f77,16000,16000,validation
data/raw/mini_speech_commands/stop/b97c9f77_nohash_1.wav,stop,b97c9f77,16000,16000,validation
data/raw/mini_speech_commands/stop/b97c9f77_nohash_3.wav,stop,b97c9f77,16000,16000,validation
data/raw/mini_speech_commands/stop/b97c9f77_nohash_4.wav,stop,b97c9f77,16000,16000,validation
data/raw/mini_speech_commands/stop/b9cccd01_nohash_0.wav,stop,b9cccd01,16000,16000,train
data/raw/mini_speech_commands/stop/b9f46737_nohash_0.wav,stop,b9f46737,16000,16000,train
data/raw/mini_speech_commands/stop/b9f46737_nohash_3.wav,stop,b9f46737,16000,16000,train
data/raw/mini_speech_commands/stop/b9f46737_nohash_4.wav,stop,b9f46737,16000,16000,train
data/raw/mini_speech_commands/stop/ba59cab3_nohash_0.wav,stop,ba59cab3,16000,16000,train
data/raw/mini_speech_commands/stop/ba770f9b_nohash_0.wav,stop,ba770f9b,16000,16000,train
data/raw/mini_speech_commands/stop/bab36420_nohash_2.wav,stop,bab36420,16000,16000,validation
data/raw/mini_speech_commands/stop/bab36420_nohash_3.wav,stop,bab36420,16000,16000,validation
data/raw/mini_speech_commands/stop/bab36420_nohash_4.wav,stop,bab36420,16000,16000,validation
data/raw/mini_speech_commands/stop/baeac2ba_nohash_0.wav,stop,baeac2ba,16000,16000,train
data/raw/mini_speech_commands/stop/bbaa7946_nohash_0.wav,stop,bbaa7946,16000,16000,test
data/raw/mini_speech_commands/stop/bbb2eb5b_nohash_0.wav,stop,bbb2eb5b,16000,16000,train
data/raw/mini_speech_commands/stop/bbbf4fbd_nohash_0.wav,stop,bbbf4fbd,16000,16000,train
data/raw/mini_speech_commands/stop/bbd0bbd0_nohash_0.wav,stop,bbd0bbd0,16000,16000,test
data/raw/mini_speech_commands/stop/bbd0bbd0_nohash_3.wav,stop,bbd0bbd0,16000,16000,test
data/raw/mini_speech_commands/stop/bbd0bbd0_nohash_4.wav,stop,bbd0bbd0,16000,16000,test
data/raw/mini_speech_commands/stop/bc065a17_nohash_1.wav,stop,bc065a17,16000,16000,train
data/raw/mini_speech_commands/stop/bd11c654_nohash_0.wav,stop,bd11c654,16000,16000,validation
data/raw/mini_speech_commands/stop/bdb90d38_nohash_0.wav,stop,bdb90d38,16000,16000,train
data/raw/mini_speech_commands/stop/bdee441c_nohash_1.wav,stop,bdee441c,16000,16000,train
data/raw/mini_speech_commands/stop/be7a5b2d_nohash_0.wav,stop,be7a5b2d,16000,16000,train
data/raw/mini_speech_commands/stop/be7a5b2d_nohash_2.wav,stop,be7a5b2d,16000,16000,train
data/raw/mini_speech_commands/stop/be7a5b2d_nohash_4.wav,stop,be7a5b2d,16000,16000,train
data/raw/mini_speech_commands/stop/bed06fac_nohash_0.wav,stop,bed06fac,16000,16000,validation
data/raw/mini_speech_commands/stop/bf70feda_nohash_0.wav,stop,bf70feda,16000,16000,train
data/raw/mini_speech_commands/stop/bf8d5617_nohash_0.wav,stop,bf8d5617,16000,16000,train
data/raw/mini_speech_commands/stop/bfdb9801_nohash_0.wav,stop,bfdb9801,16000,16000,train
data/raw/mini_speech_commands/stop/c0445658_nohash_3.wav,stop,c0445658,16000,16000,validation
data/raw/mini_speech_commands/stop/c0445658_nohash_4.wav,stop,c0445658,16000,16000,validation
data/raw/mini_speech_commands/stop/c0fb6812_nohash_0.wav,stop,c0fb6812,16000,16000,train
data/raw/mini_speech_commands/stop/c120e80e_nohash_3.wav,stop,c120e80e,16000,16000,train
data/raw/mini_speech_commands/stop/c1d39ce8_nohash_0.wav,stop,c1d39ce8,16000,16000,train
data/raw/mini_speech_commands/stop/c1d39ce8_nohash_1.wav,stop,c1d39ce8,16000,16000,train
data/raw/mini_speech_commands/stop/c1d39ce8_nohash_2.wav,stop,c1d39ce8,16000,16000,train
data/raw/mini_speech_commands/stop/c1d39ce8_nohash_3.wav,stop,c1d39ce8,16000,16000,train
data/raw/mini_speech_commands/stop/c1d39ce8_nohash_6.wav,stop,c1d39ce8,16000,16000,train
data/raw/mini_speech_commands/stop/c1d39ce8_nohash_7.wav,stop,c1d39ce8,16000,16000,train
data/raw/mini_speech_commands/stop/c1d39ce8_nohash_9.wav,stop,c1d39ce8,16000,16000,train
data/raw/mini_speech_commands/stop/c1e0e8e3_nohash_0.wav,stop,c1e0e8e3,16000,16000,train
data/raw/mini_speech_commands/stop/c1e0e8e3_nohash_1.wav,stop,c1e0e8e3,16000,16000,train
data/raw/mini_speech_commands/stop/c1e0e8e3_nohash_3.wav,stop,c1e0e8e3,16000,16000,train
data/raw/mini_speech_commands/stop/c22d3f18_nohash_1.wav,stop,c22d3f18,16000,16000,train
data/raw/mini_speech_commands/stop/c22d3f18_nohash_2.wav,stop,c22d3f18,16000,16000,train
data/raw/mini_speech_commands/stop/c22d3f18_nohash_4.wav,stop,c22d3f18,16000,16000,train
data/raw/mini_speech_commands/stop/c4500713_nohash_0.wav,stop,c4500713,16000,16000,train
data/raw/mini_speech_commands/stop/c518d1b1_nohash_1.wav,stop,c518d1b1,16000,16000,train
data/raw/mini_speech_commands/stop/c53b335a_nohash_0.wav,stop,c53b335a,16000,16000,train
data/raw/mini_speech_commands/stop/c5c60d8d_nohash_0.wav,stop,c5c60d8d,16000,16000,train
data/raw/mini_speech_commands/stop/c634a189_nohash_2.wav,stop,c634a189,16000,16000,test
data/raw/mini_speech_commands/stop/c634a189_nohash_3.wav,stop,c634a189,16000,16000,test
data/raw/mini_speech_commands/stop/c6a23ff5_nohash_0.wav,stop,c6a23ff5,16000,16000,train
data/raw/mini_speech_commands/stop/c6ee87a7_nohash_0.wav,stop,c6ee87a7,16000,16000,train
data/raw/mini_speech_commands/stop/c6ee87a7_nohash_3.wav,stop,c6ee87a7,16000,16000,train
data/raw/mini_speech_commands/stop/c6ee87a7_nohash_4.wav,stop,c6ee87a7,16000,16000,train
data/raw/mini_speech_commands/stop/c71e3acc_nohash_0.wav,stop,c71e3acc,11606,16000,train
data/raw/mini_speech_commands/stop/c79159aa_nohash_1.wav,stop,c79159aa,16000,16000,train
data/raw/mini_speech_commands/stop/c79159aa_nohash_2.wav,stop,c79159aa,16000,16000,train
data/raw/mini_speech_commands/stop/c93d5e22_nohash_0.wav,stop,c93d5e22,16000,16000,train
data/raw/mini_speech_commands/stop/c93d5e22_nohash_3.wav,stop,c93d5e22,16000,16000,train
data/raw/mini_speech_commands/stop/c948d727_nohash_3.wav,stop,c948d727,16000,16000,train
data/raw/mini_speech_commands/stop/c948d727_nohash_4.wav,stop,c948d727,16000,16000,train
data/raw/mini_speech_commands/stop/c9b653a0_nohash_1.wav,stop,c9b653a0,16000,16000,train
data/raw/mini_speech_commands/stop/c9b653a0_nohash_2.wav,stop,c9b653a0,16000,16000,train
data/raw/mini_speech_commands/stop/c9b653a0_nohash_3.wav,stop,c9b653a0,16000,16000,train
data/raw/mini_speech_commands/stop/ca4eeab0_nohash_0.wav,stop,ca4eeab0,16000,16000,train
data/raw/mini_speech_commands/stop/caa4779f_nohash_1.wav,stop,caa4779f,16000,16000,train
data/raw/mini_speech_commands/stop/cae62f38_nohash_0.wav,stop,cae62f38,16000,16000,train
data/raw/mini_speech_commands/stop/caf1803e_nohash_1.wav,stop,caf1803e,16000,16000,test
data/raw/mini_speech_commands/stop/cb164eea_nohash_0.wav,stop,cb164eea,12971,16000,train
data/raw/mini_speech_commands/stop/cb2929ce_nohash_0.wav,stop,cb2929ce,16000,16000,train
data/raw/mini_speech_commands/stop/cb2929ce_nohash_5.wav,stop,cb2929ce,16000,16000,train
data/raw/mini_speech_commands/stop/cb5d2c6e_nohash_0.wav,stop,cb5d2c6e,16000,16000,train
data/raw/mini_speech_commands/stop/cb8f8307_nohash_4.wav,stop,cb8f8307,16000,16000,train
data/raw/mini_speech_commands/stop/cb8f8307_nohash_6.wav,stop,cb8f8307,16000,16000,train
data/raw/mini_speech_commands/stop/cc592808_nohash_0.wav,stop,cc592808,16000,16000,train
data/raw/mini_speech_commands/stop/cc6bae0d_nohash_0.wav,stop,cc6bae0d,16000,16000,train
data/raw/mini_speech_commands/stop/cc6bae0d_nohash_1.wav,stop,cc6bae0d,16000,16000,train
data/raw/mini_speech_commands/stop/cc6bae0d_nohash_2.wav,stop,cc6bae0d,16000,16000,train
data/raw/mini_speech_commands/stop/cc6ee39b_nohash_0.wav,stop,cc6ee39b,16000,16000,train
data/raw/mini_speech_commands/stop/cc6ee39b_nohash_4.wav,stop,cc6ee39b,16000,16000,train
data/raw/mini_speech_commands/stop/cce17a61_nohash_0.wav,stop,cce17a61,16000,16000,train
data/raw/mini_speech_commands/stop/cd68e997_nohash_0.wav,stop,cd68e997,16000,16000,train
data/raw/mini_speech_commands/stop/cd7f8c1b_nohash_1.wav,stop,cd7f8c1b,16000,16000,test
data/raw/mini_speech_commands/stop/cd85758f_nohash_3.wav,stop,cd85758f,16000,16000,train
data/raw/mini_speech_commands/stop/cdfbbe75_nohash_1.wav,stop,cdfbbe75,16000,16000,train
data/raw/mini_speech_commands/stop/ce7a8e92_nohash_0.wav,stop,ce7a8e92,16000,16000,train
data/raw/mini_speech_commands/stop/ce7a8e92_nohash_2.wav,stop,ce7a8e92,16000,16000,train
data/raw/mini_speech_commands/stop/ce9410da_nohash_0.wav,stop,ce9410da,16000,16000,test
data/raw/mini_speech_commands/stop/ce9410da_nohash_1.wav,stop,ce9410da,16000,16000,test
data/raw/mini_speech_commands/stop/ceaadb24_nohash_2.wav,stop,ceaadb24,16000,16000,train
data/raw/mini_speech_commands/stop/ced4e2a1_nohash_1.wav,stop,ced4e2a1,16000,16000,validation
data/raw/mini_speech_commands/stop/ced4e2a1_nohash_2.wav,stop,ced4e2a1,16000,16000,validation
data/raw/mini_speech_commands/stop/ced835d3_nohash_1.wav,stop,ced835d3,16000,16000,train
data/raw/mini_speech_commands/stop/ced835d3_nohash_3.wav,stop,ced835d3,16000,16000,train
data/raw/mini_speech_commands/stop/ced835d3_nohash_4.wav,stop,ced835d3,16000,16000,train
data/raw/mini_speech_commands/stop/cee22275_nohash_0.wav,stop,cee22275,16000,16000,test
data/raw/mini_speech_commands/stop/cf68fad2_nohash_0.wav,stop,cf68fad2,11889,16000,test
data/raw/mini_speech_commands/stop/cf87b736_nohash_0.wav,stop,cf87b736,16000,16000,test
data/raw/mini_speech_commands/stop/cf8d91cf_nohash_0.wav,stop,cf8d91cf,16000,16000,train
data/raw/mini_speech_commands/stop/d0426d63_nohash_1.wav,stop,d0426d63,16000,16000,train
data/raw/mini_speech_commands/stop/d0858dce_nohash_0.wav,stop,d0858dce,10240,16000,train
data/raw/mini_speech_commands/stop/d0f7bef5_nohash_0.wav,stop,d0f7bef5,16000,16000,train
data/raw/mini_speech_commands/stop/d0faf7e4_nohash_1.wav,stop,d0faf7e4,16000,16000,train
data/raw/mini_speech_commands/stop/d0faf7e4_nohash_4.wav,stop,d0faf7e4,16000,16000,train
data/raw/mini_speech_commands/stop/d197e3ae_nohash_0.wav,stop,d197e3ae,16000,16000,train
data/raw/mini_speech_commands/stop/d197e3ae_nohash_2.wav,stop,d197e3ae,16000,16000,train
data/raw/mini_speech_commands/stop/d197e3ae_nohash_4.wav,stop,d197e3ae,16000,16000,train
data/raw/mini_speech_commands/stop/d1a17cbe_nohash_0.wav,stop,d1a17cbe,16000,16000,train
data/raw/mini_speech_commands/stop/d1d3e64d_nohash_0.wav,stop,d1d3e64d,16000,16000,train
data/raw/mini_speech_commands/stop/d1d3e64d_nohash_2.wav,stop,d1d3e64d,16000,16000,train
data/raw/mini_speech_commands/stop/d2eae23d_nohash_0.wav,stop,d2eae23d,11606,16000,test
data/raw/mini_speech_commands/stop/d31d8dd7_nohash_0.wav,stop,d31d8dd7,16000,16000,train
data/raw/mini_speech_commands/stop/d3a18257_nohash_1.wav,stop,d3a18257,16000,16000,train
data/raw/mini_speech_commands/stop/d3f22f0e_nohash_0.wav,stop,d3f22f0e,16000,16000,train
data/raw/mini_speech_commands/stop/d486fb84_nohash_0.wav,stop,d486fb84,16000,16000,train
data/raw/mini_speech_commands/stop/d6b155a5_nohash_0.wav,stop,d6b155a5,16000,16000,train
data/raw/mini_speech_commands/stop/d7529c0c_nohash_1.wav,stop,d7529c0c,16000,16000,train
data/raw/mini_speech_commands/stop/d7559b2d_nohash_0.wav,stop,d7559b2d,13654,16000,validation
data/raw/mini_speech_commands/stop/d78858d9_nohash_0.wav,stop,d78858d9,11146,16000,train
data/raw/mini_speech_commands/stop/d8ee4734_nohash_0.wav,stop,d8ee4734,16000,16000,train
data/raw/mini_speech_commands/stop/d90b4138_nohash_0.wav,stop,d90b4138,16000,16000,train
data/raw/mini_speech_commands/stop/d90b4138_nohash_1.wav,stop,d90b4138,16000,16000,train
data/raw/mini_speech_commands/stop/d90b4138_nohash_3.wav,stop,d90b4138,16000,16000,train
data/raw/mini_speech_commands/stop/d90b4138_nohash_4.wav,stop,d90b4138,16000,16000,train
data/raw/mini_speech_commands/stop/d933bf5e_nohash_0.wav,stop,d933bf5e,16000,16000,test
data/raw/mini_speech_commands/stop/d933bf5e_nohash_2.wav,stop,d933bf5e,16000,16000,test
data/raw/mini_speech_commands/stop/d9b50b8b_nohash_1.wav,stop,d9b50b8b,14118,16000,train
data/raw/mini_speech_commands/stop/d9b8fab2_nohash_0.wav,stop,d9b8fab2,16000,16000,train
data/raw/mini_speech_commands/stop/d9b8fab2_nohash_1.wav,stop,d9b8fab2,16000,16000,train
data/raw/mini_speech_commands/stop/d9d6559e_nohash_0.wav,stop,d9d6559e,16000,16000,validation
data/raw/mini_speech_commands/stop/da15e796_nohash_0.wav,stop,da15e796,16000,16000,train
data/raw/mini_speech_commands/stop/da584bc0_nohash_0.wav,stop,da584bc0,16000,16000,train
data/raw/mini_speech_commands/stop/da584bc0_nohash_1.wav,stop,da584bc0,16000,16000,train
data/raw/mini_speech_commands/stop/da584bc0_nohash_3.wav,stop,da584bc0,16000,16000,train
data/raw/mini_speech_commands/stop/da584bc0_nohash_4.wav,stop,da584bc0,16000,16000,train
data/raw/mini_speech_commands/stop/da7689f1_nohash_0.wav,stop,da7689f1,14861,16000,validation
data/raw/mini_speech_commands/stop/da8fa823_nohash_1.wav,stop,da8fa823,16000,16000,train
data/raw/mini_speech_commands/stop/db43cd03_nohash_0.wav,stop,db43cd03,16000,16000,train
data/raw/mini_speech_commands/stop/db79a764_nohash_0.wav,stop,db79a764,16000,16000,train
data/raw/mini_speech_commands/stop/db7c95b0_nohash_1.wav,stop,db7c95b0,11889,16000,train
data/raw/mini_speech_commands/stop/dbb40d24_nohash_0.wav,stop,dbb40d24,16000,16000,train
data/raw/mini_speech_commands/stop/dbb40d24_nohash_2.wav,stop,dbb40d24,16000,16000,train
data/raw/mini_speech_commands/stop/dbb40d24_nohash_3.wav,stop,dbb40d24,16000,16000,train
data/raw/mini_speech_commands/stop/dc269564_nohash_0.wav,stop,dc269564,16000,16000,train
data/raw/mini_speech_commands/stop/dca6b373_nohash_0.wav,stop,dca6b373,11146,16000,train
data/raw/mini_speech_commands/stop/dca6b373_nohash_1.wav,stop,dca6b373,14118,16000,train
data/raw/mini_speech_commands/stop/dcc012ec_nohash_0.wav,stop,dcc012ec,16000,16000,train
data/raw/mini_speech_commands/stop/dce5041a_nohash_0.wav,stop,dce5041a,16000,16000,train
data/raw/mini_speech_commands/stop/de4f7798_nohash_0.wav,stop,de4f7798,16000,16000,train
data/raw/mini_speech_commands/stop/df1d5024_nohash_0.wav,stop,df1d5024,16000,16000,validation
data/raw/mini_speech_commands/stop/df1d5024_nohash_2.wav,stop,df1d5024,16000,16000,validation
data/raw/mini_speech_commands/stop/df1d5024_nohash_3.wav,stop,df1d5024,16000,16000,validation
data/raw/mini_speech_commands/stop/dfb6450b_nohash_0.wav,stop,dfb6450b,16000,16000,train
data/raw/mini_speech_commands/stop/e0315cf6_nohash_2.wav,stop,e0315cf6,16000,16000,train
data/raw/mini_speech_commands/stop/e0315cf6_nohash_4.wav,stop,e0315cf6,16000,16000,train
data/raw/mini_speech_commands/stop/e07dd7d4_nohash_0.wav,stop,e07dd7d4,16000,16000,validation
data/raw/mini_speech_commands/stop/e0ff1e9c_nohash_0.wav,stop,e0ff1e9c,14336,16000,train
data/raw/mini_speech_commands/stop/e0ff1e9c_nohash_1.wav,stop,e0ff1e9c,16000,16000,train
data/raw/mini_speech_commands/stop/e0ff1e9c_nohash_2.wav,stop,e0ff1e9c,16000,16000,train
data/raw/mini_speech_commands/stop/e102119e_nohash_0.wav,stop,e102119e,13654,16000,train
data/raw/mini_speech_commands/stop/e1469561_nohash_1.wav,stop,e1469561,16000,16000,test
data/raw/mini_speech_commands/stop/e20be42a_nohash_0.wav,stop,e20be42a,16000,16000,train
data/raw/mini_speech_commands/stop/e20be42a_nohash_1.wav,stop,e20be42a,16000,16000,train
data/raw/mini_speech_commands/stop/e20be42a_nohash_2.wav,stop,e20be42a,16000,16000,train
data/raw/mini_speech_commands/stop/e2286c18_nohash_2.wav,stop,e2286c18,16000,16000,train
data/raw/mini_speech_commands/stop/e32ff49d_nohash_0.wav,stop,e32ff49d,16000,16000,validation
data/raw/mini_speech_commands/stop/e32ff49d_nohash_1.wav,stop,e32ff49d,16000,16000,validation
data/raw/mini_speech_commands/stop/e41a903b_nohash_1.wav,stop,e41a903b,16000,16000,train
data/raw/mini_speech_commands/stop/e41a903b_nohash_2.wav,stop,e41a903b,16000,16000,train
data/raw/mini_speech_commands/stop/e4200516_nohash_0.wav,stop,e4200516,10403,16000,train
data/raw/mini_speech_commands/stop/e4b02540_nohash_0.wav,stop,e4b02540,16000,16000,train
data/raw/mini_speech_commands/stop/e53139ad_nohash_0.wav,stop,e53139ad,16000,16000,train
data/raw/mini_speech_commands/stop/e54a0f16_nohash_2.wav,stop,e54a0f16,16000,16000,train
data/raw/mini_speech_commands/stop/e55a2b20_nohash_1.wav,stop,e55a2b20,13375,16000,train
data/raw/mini_speech_commands/stop/e5afa9b0_nohash_1.wav,stop,e5afa9b0,16000,16000,train
data/raw/mini_speech_commands/stop/e5d2e09d_nohash_0.wav,stop,e5d2e09d,16000,16000,train
data/raw/mini_speech_commands/stop/e5d2e09d_nohash_3.wav,stop,e5d2e09d,16000,16000,train
data/raw/mini_speech_commands/stop/e5d2e09d_nohash_4.wav,stop,e5d2e09d,16000,16000,train
data/raw/mini_speech_commands/stop/e63b69c5_nohash_0.wav,stop,e63b69c5,14118,16000,train
data/raw/mini_speech_commands/stop/e63b69c5_nohash_1.wav,stop,e63b69c5,16000,16000,train
data/raw/mini_speech_commands/stop/e6515415_nohash_0.wav,stop,e6515415,16000,16000,train
data/raw/mini_speech_commands/stop/e6515415_nohash_1.wav,stop,e6515415,16000,16000,train
data/raw/mini_speech_commands/stop/e7117d00_nohash_0.wav,stop,e7117d00,14336,16000,train
data/raw/mini_speech_commands/stop/e71b4ce6_nohash_0.wav,stop,e71b4ce6,16000,16000,test
data/raw/mini_speech_commands/stop/e71b4ce6_nohash_1.wav,stop,e71b4ce6,16000,16000,test
data/raw/mini_speech_commands/stop/e72aa705_nohash_0.wav,stop,e72aa705,16000,16000,validation
data/raw/mini_speech_commands/stop/e72aa705_nohash_1.wav,stop,e72aa705,16000,16000,validation
data/raw/mini_speech_commands/stop/e77d88fc_nohash_0.wav,stop,e77d88fc,16000,16000,train
data/raw/mini_speech_commands/stop/e7d0eb3f_nohash_0.wav,stop,e7d0eb3f,16000,16000,train
data/raw/mini_speech_commands/stop/e7ea8b76_nohash_0.wav,stop,e7ea8b76,16000,16000,train
data/raw/mini_speech_commands/stop/e7ea8b76_nohash_1.wav,stop,e7ea8b76,16000,16000,train
data/raw/mini_speech_commands/stop/e7ebf59c_nohash_0.wav,stop,e7ebf59c,16000,16000,train
data/raw/mini_speech_commands/stop/e8b6f6fe_nohash_0.wav,stop,e8b6f6fe,16000,16000,train
data/raw/mini_speech_commands/stop/e8e960fd_nohash_0.wav,stop,e8e960fd,16000,16000,train
data/raw/mini_speech_commands/stop/e9287461_nohash_0.wav,stop,e9287461,16000,16000,train
data/raw/mini_speech_commands/stop/e9287461_nohash_1.wav,stop,e9287461,16000,16000,train
data/raw/mini_speech_commands/stop/e96a5020_nohash_0.wav,stop,e96a5020,16000,16000,train
data/raw/mini_speech_commands/stop/e9b61425_nohash_0.wav,stop,e9b61425,15019,16000,train
data/raw/mini_speech_commands/stop/e9b61425_nohash_1.wav,stop,e9b61425,15702,16000,train
data/raw/mini_speech_commands/stop/ea1f888c_nohash_0.wav,stop,ea1f888c,16000,16000,train
data/raw/mini_speech_commands/stop/ea356919_nohash_0.wav,stop,ea356919,12632,16000,train
data/raw/mini_speech_commands/stop/ea356919_nohash_1.wav,stop,ea356919,16000,16000,train
data/raw/mini_speech_commands/stop/ead2934a_nohash_2.wav,stop,ead2934a,16000,16000,validation
data/raw/mini_speech_commands/stop/eb0676ec_nohash_4.wav,stop,eb0676ec,16000,16000,train
data/raw/mini_speech_commands/stop/eb0857c0_nohash_1.wav,stop,eb0857c0,16000,16000,train
data/raw/mini_speech_commands/stop/eb3f7d82_nohash_0.wav,stop,eb3f7d82,16000,16000,train
data/raw/mini_speech_commands/stop/eb3f7d82_nohash_1.wav,stop,eb3f7d82,16000,16000,train
data/raw/mini_speech_commands/stop/eb3f7d82_nohash_4.wav,stop,eb3f7d82,16000,16000,train
data/raw/mini_speech_commands/stop/eb3f7d82_nohash_6.wav,stop,eb3f7d82,16000,16000,train
data/raw/mini_speech_commands/stop/eb609143_nohash_0.wav,stop,eb609143,16000,16000,train
data/raw/mini_speech_commands/stop/eb67fcbc_nohash_1.wav,stop,eb67fcbc,16000,16000,train
data/raw/mini_speech_commands/stop/eb76bc68_nohash_1.wav,stop,eb76bc68,16000,16000,train
data/raw/mini_speech_commands/stop/ec201020_nohash_0.wav,stop,ec201020,16000,16000,train
data/raw/mini_speech_commands/stop/ec201020_nohash_2.wav,stop,ec201020,16000,16000,train
data/raw/mini_speech_commands/stop/ec201020_nohash_4.wav,stop,ec201020,16000,16000,train
data/raw/mini_speech_commands/stop/ecbd8d66_nohash_0.wav,stop,ecbd8d66,16000,16000,train
data/raw/mini_speech_commands/stop/ecef25ba_nohash_1.wav,stop,ecef25ba,13654,16000,train
data/raw/mini_speech_commands/stop/ecef25ba_nohash_2.wav,stop,ecef25ba,12288,16000,train
data/raw/mini_speech_commands/stop/ed3c2d05_nohash_0.wav,stop,ed3c2d05,16000,16000,train
data/raw/mini_speech_commands/stop/ee07dcb9_nohash_0.wav,stop,ee07dcb9,16000,16000,validation
data/raw/mini_speech_commands/stop/eee9b9e2_nohash_0.wav,stop,eee9b9e2,16000,16000,train
data/raw/mini_speech_commands/stop/efa16ffd_nohash_0.wav,stop,efa16ffd,16000,16000,train
data/raw/mini_speech_commands/stop/f06190c1_nohash_1.wav,stop,f06190c1,16000,16000,train
data/raw/mini_speech_commands/stop/f0ae7203_nohash_0.wav,stop,f0ae7203,16000,16000,train
data/raw/mini_speech_commands/stop/f0ebef1b_nohash_0.wav,stop,f0ebef1b,16000,16000,train
data/raw/mini_speech_commands/stop/f104f742_nohash_0.wav,stop,f104f742,16000,16000,validation
data/raw/mini_speech_commands/stop/f15a354c_nohash_0.wav,stop,f15a354c,16000,16000,train
data/raw/mini_speech_commands/stop/f17be97f_nohash_0.wav,stop,f17be97f,16000,16000,train
data/raw/mini_speech_commands/stop/f17be97f_nohash_2.wav,stop,f17be97f,16000,16000,train
data/raw/mini_speech_commands/stop/f17be97f_nohash_4.wav,stop,f17be97f,16000,16000,train
data/raw/mini_speech_commands/stop/f19c1390_nohash_0.wav,stop,f19c1390,16000,16000,train
data/raw/mini_speech_commands/stop/f19c1390_nohash_2.wav,stop,f19c1390,16000,16000,train
data/raw/mini_speech_commands/stop/f19c1390_nohash_3.wav,stop,f19c1390,16000,16000,train
data/raw/mini_speech_commands/stop/f1b35ace_nohash_0.wav,stop,f1b35ace,16000,16000,train
data/raw/mini_speech_commands/stop/f21893dc_nohash_0.wav,stop,f21893dc,13375,16000,train
data/raw/mini_speech_commands/stop/f292725f_nohash_0.wav,stop,f292725f,16000,16000,validation
data/raw/mini_speech_commands/stop/f2a90886_nohash_0.wav,stop,f2a90886,16000,16000,train
data/raw/mini_speech_commands/stop/f2b8fc18_nohash_0.wav,stop,f2b8fc18,16000,16000,train
data/raw/mini_speech_commands/stop/f33660af_nohash_0.wav,stop,f33660af,16000,16000,train
data/raw/mini_speech_commands/stop/f33660af_nohash_1.wav,stop,f33660af,16000,16000,train
data/raw/mini_speech_commands/stop/f34e6f44_nohash_0.wav,stop,f34e6f44,16000,16000,train
data/raw/mini_speech_commands/stop/f42e234b_nohash_0.wav,stop,f42e234b,16000,16000,train
data/raw/mini_speech_commands/stop/f4504600_nohash_1.wav,stop,f4504600,16000,16000,train
data/raw/mini_speech_commands/stop/f4cae173_nohash_1.wav,stop,f4cae173,16000,16000,train
data/raw/mini_speech_commands/stop/f5733968_nohash_3.wav,stop,f5733968,16000,16000,train
data/raw/mini_speech_commands/stop/f5733968_nohash_4.wav,stop,f5733968,16000,16000,train
data/raw/mini_speech_commands/stop/f5c3de1b_nohash_0.wav,stop,f5c3de1b,16000,16000,validation
data/raw/mini_speech_commands/stop/f5e44d34_nohash_0.wav,stop,f5e44d34,16000,16000,train
data/raw/mini_speech_commands/stop/f5e44d34_nohash_1.wav,stop,f5e44d34,16000,16000,train
data/raw/mini_speech_commands/stop/f632210f_nohash_0.wav,stop,f632210f,15702,16000,train
data/raw/mini_speech_commands/stop/f632210f_nohash_1.wav,stop,f632210f,13654,16000,train
data/raw/mini_speech_commands/stop/f6af2457_nohash_0.wav,stop,f6af2457,16000,16000,validation
data/raw/mini_speech_commands/stop/f6af2457_nohash_1.wav,stop,f6af2457,16000,16000,validation
data/raw/mini_speech_commands/stop/f6af2457_nohash_2.wav,stop,f6af2457,16000,16000,validation
data/raw/mini_speech_commands/stop/f8f60f59_nohash_0.wav,stop,f8f60f59,16000,16000,test
data/raw/mini_speech_commands/stop/f8f60f59_nohash_1.wav,stop,f8f60f59,16000,16000,test
data/raw/mini_speech_commands/stop/f8f60f59_nohash_2.wav,stop,f8f60f59,16000,16000,test
data/raw/mini_speech_commands/stop/f8f60f59_nohash_3.wav,stop,f8f60f59,16000,16000,test
data/raw/mini_speech_commands/stop/f9273a21_nohash_1.wav,stop,f9273a21,16000,16000,train
data/raw/mini_speech_commands/stop/f92e49f3_nohash_0.wav,stop,f92e49f3,16000,16000,train
data/raw/mini_speech_commands/stop/f92e49f3_nohash_2.wav,stop,f92e49f3,16000,16000,train
data/raw/mini_speech_commands/stop/f953e1af_nohash_0.wav,stop,f953e1af,16000,16000,train
data/raw/mini_speech_commands/stop/f953e1af_nohash_2.wav,stop,f953e1af,16000,16000,train
data/raw/mini_speech_commands/stop/f97e1fcd_nohash_0.wav,stop,f97e1fcd,16000,16000,train
data/raw/mini_speech_commands/stop/f9af0887_nohash_1.wav,stop,f9af0887,15019,16000,train
data/raw/mini_speech_commands/stop/f9af823e_nohash_0.wav,stop,f9af823e,16000,16000,train
data/raw/mini_speech_commands/stop/f9ebdba0_nohash_0.wav,stop,f9ebdba0,16000,16000,train
data/raw/mini_speech_commands/stop/f9f9751d_nohash_0.wav,stop,f9f9751d,16000,16000,train
data/raw/mini_speech_commands/stop/fad7a69a_nohash_0.wav,stop,fad7a69a,16000,16000,train
data/raw/mini_speech_commands/stop/fb24c826_nohash_0.wav,stop,fb24c826,16000,16000,test
data/raw/mini_speech_commands/stop/fc2411fe_nohash_0.wav,stop,fc2411fe,16000,16000,train
data/raw/mini_speech_commands/stop/fc2411fe_nohash_1.wav,stop,fc2411fe,16000,16000,train
data/raw/mini_speech_commands/stop/fc2411fe_nohash_2.wav,stop,fc2411fe,16000,16000,train
data/raw/mini_speech_commands/stop/fc28c8d8_nohash_0.wav,stop,fc28c8d8,16000,16000,validation
data/raw/mini_speech_commands/stop/fcb25a78_nohash_0.wav,stop,fcb25a78,16000,16000,train
data/raw/mini_speech_commands/stop/fce96bac_nohash_0.wav,stop,fce96bac,16000,16000,train
data/raw/mini_speech_commands/stop/fd395b74_nohash_3.wav,stop,fd395b74,16000,16000,train
data/raw/mini_speech_commands/stop/fd395b74_nohash_4.wav,stop,fd395b74,16000,16000,train
data/raw/mini_speech_commands/stop/fde2dee7_nohash_0.wav,stop,fde2dee7,16000,16000,train
data/raw/mini_speech_commands/stop/ffa76c4a_nohash_0.wav,stop,ffa76c4a,16000,16000,train
data/raw/mini_speech_commands/stop/ffa76c4a_nohash_1.wav,stop,ffa76c4a,16000,16000,train
data/raw/mini_speech_commands/stop/ffb86d3c_nohash_1.wav,stop,ffb86d3c,16000,16000,train
data/raw/mini_speech_commands/stop/ffb86d3c_nohash_2.wav,stop,ffb86d3c,16000,16000,train
data/raw/mini_speech_commands/stop/ffb86d3c_nohash_3.wav,stop,ffb86d3c,16000,16000,train
data/raw/mini_speech_commands/stop/ffbb695d_nohash_0.wav,stop,ffbb695d,16000,16000,train
data/raw/mini_speech_commands/stop/ffbb695d_nohash_1.wav,stop,ffbb695d,16000,16000,train
data/raw/mini_speech_commands/stop/ffd2ba2f_nohash_1.wav,stop,ffd2ba2f,16000,16000,train
data/raw/mini_speech_commands/stop/ffd2ba2f_nohash_2.wav,stop,ffd2ba2f,16000,16000,train
data/raw/mini_speech_commands/stop/ffd2ba2f_nohash_4.wav,stop,ffd2ba2f,16000,16000,train
data/raw/mini_speech_commands/stop/fffcabd1_nohash_1.wav,stop,fffcabd1,16000,16000,train
